feature_1,feature_2,feature_3,label
8.47546864588302,0.2424576678147834,-5.801151628579766,0
2.5053323525019646,1.1001370088982596,3.0301025437235767,1
6.280839476212258,0.393338604032061,-5.400912243860885,0
10.272548261428701,0.018428612674252887,-7.8965874776379135,0
9.842150116132267,0.15127737231835048,-6.007966972806628,0
11.343108113309118,-0.5681032123335733,-5.330635381880531,0
8.655471995161042,-2.1480868549142658,-4.142898737973935,0
2.365631373659368,3.1301880424138857,3.3310751165847328,1
1.6187873395199865,2.7053193309066286,5.009135739852541,1
1.9979150060105066,2.040210088171934,2.9631616537535974,1
7.917443578744542,-1.6105311531487514,-5.449408607333863,0
3.5217184910684853,1.3758058888168738,3.607607246394888,1
0.4019208428575549,2.7910085657428074,3.469791188416101,1
9.438471878408807,0.41252069660793267,-7.609279206130297,0
8.417375025055291,-0.38452227878497075,-7.344214597509271,0
1.6505148241602454,2.303200685417207,5.373606022107839,1
2.1013367497718263,1.1817441327424645,2.888477944462047,1
0.916277342019123,2.299985885278459,4.6393041489280105,1
9.465225393748463,-0.6571583775131102,-7.4183746095198035,0
1.6637598264561984,2.3949247166224983,4.022887654101114,1
0.8672842433611521,1.6822129202307334,3.5056384942598386,1
1.374482081426299,3.2059896954409917,4.860794532263956,1
2.2049829649379884,3.9126751113023013,3.6280350838426827,1
9.522023151654164,0.23874611606640883,-5.743074811008709,0
8.291689105971004,-1.3473720238204079,-7.237093683567629,0
9.409524390568956,-0.7813913329357023,-6.178892778195807,0
0.8588236759087535,2.4475138510415135,2.0132026483454943,1
1.5149389858414972,1.9797098693799553,2.9758306554346294,1
6.984735161313101,0.026502608124212013,-4.742028303734404,0
2.4479439554160844,2.2591096611381865,5.212921946736019,1
8.75446831651394,0.48919636374333964,-4.7774273055574135,0
2.4864938078569194,1.9699958092649592,3.863841827298526,1
8.3850163438095,-2.166122755577561,-5.206997272878839,0
7.448972057543153,0.2304931638447295,-7.74614621198505,0
0.9289793199902338,2.4723883209002024,3.9950004014262506,1
9.486176299078176,0.03099371518210181,-5.564607372540729,0
10.579650292500128,-2.1642290504701513,-8.234335614790968,0
10.49959545802081,0.12557261624604454,-8.03729719447013,0
9.170619187809294,-1.5808140305510099,-6.352691435059412,0
2.1822991458107266,2.3613537930943593,3.845535089242784,1
0.36707215200954835,1.1526868275762439,5.3288347174034705,1
8.165937657219338,-3.2407387886052215,-4.7814272370330055,0
7.901656393230993,-0.20760032483624247,-5.701599802737379,0
9.743232742037817,0.035763727700386605,-6.7324940846500025,0
8.953860209018465,-1.3836618078583551,-3.0375774670466638,0
2.338749180117718,1.9507254653487416,1.2802700498136885,1
-0.604334628340848,1.15890792339215,3.088226034128115,1
1.14217517586179,1.8031595165091037,5.0061667325850205,1
1.517756681886594,1.3458409798361688,2.928100612968742,1
1.9959264941747434,2.536853131580294,2.8843337947199745,1
8.935497604242302,0.7299886177605794,-4.250593887786796,0
0.6557686158111286,1.8198292780573464,3.7160068149360597,1
7.803091251585228,-0.8200114261102284,-6.229223019325662,0
1.64646585621813,2.5514800509627373,4.617064482694038,1
7.823906958250456,-1.897848451237698,-5.713680533776879,0
2.0557187956202525,3.822698917189075,2.6174647811808276,1
2.0344508917475155,2.2135160162884273,5.597725254002627,1
0.7824293507148578,1.671076291022446,2.6347451062856786,1
9.160250544829728,0.989294710544441,-4.883592804983887,0
8.857148992159848,-1.3871549138618393,-5.0779138620627835,0
0.8517813785936955,3.7144755367573064,4.16865593661467,1
8.754272666456748,-2.35444220334084,-6.796095693592519,0
7.935851525690374,0.327429262057612,-5.844597265107918,0
0.33226259896785915,1.608849857972355,5.286686819563878,1
9.8218632783014,-0.698158628838401,-4.784318036272374,0
0.5398691627369343,1.4658057852721085,4.368586061130808,1
9.006213298998285,1.0933225610663473,-6.6302348886748,0
8.678592616020865,-1.01573124198674,-7.204033839201331,0
9.33018855807257,-1.7089263665806385,-4.225991846216934,0
2.441216342203153,3.303426601137463,2.9335710323086652,1
1.3497069429677109,2.4711954748178186,3.938559967454622,1
7.885081223721192,-1.057791881751827,-6.482800333974781,0
10.247137953935876,-0.1790150895756374,-4.540984549718515,0
8.999791872396615,0.4331892238148598,-5.307924710463407,0
0.0913975422787261,1.0072237330959408,1.1687456439225814,1
3.039961034645623,1.4263741125649214,3.1455697743084916,1
2.037187017559789,1.747298388295141,3.6863649596926176,1
0.2784029177584695,2.726351434433896,3.954285965870449,1
9.101602603265208,-1.1462994637472292,-5.059025795501263,0
1.8847577665805666,1.3872999666577899,4.339462284610405,1
2.8491327467975625,3.4999208183307555,2.8938806998507802,1
7.068052892105823,-0.973930771091779,-5.980603464929401,0
9.622004856121364,0.29415460605141,-7.400838607585654,0
2.2299914940454997,3.349912608572109,4.274749303965956,1
9.565900996321872,-0.13382654804164718,-6.010752081315925,0
0.9816211235747885,2.1137427846643466,3.707949792566315,1
1.3555570372687646,2.67229593266192,4.6985540835935735,1
9.560149377696746,0.8026009704128536,-4.85355323214185,0
8.427031720917471,-0.631537096891734,-5.476079346542208,0
0.8987675802800824,2.9554875742775826,2.683655019571569,1
3.3649352580897967,2.396756864161112,3.6803284602096435,1
8.362495486569141,-1.583701482429035,-3.6861763238290157,0
10.055401633132629,-0.6285932808395638,-6.519754853526906,0
-1.1408252124845149,3.9284045855096315,4.728980023502838,1
0.9863735998291668,1.2775722321545449,4.147389691192867,1
1.457587367619691,2.1709693167144573,2.7838033913653817,1
9.300988608847993,1.0420950686002701,-4.673396092124989,0
1.1545980916728877,2.807230786669384,2.6860440406589188,1
1.5310986156017712,4.4856560666249745,3.3614916484782174,1
9.020936623899745,-0.03760877407051999,-4.887394737171801,0
8.254782405872735,-1.226900868655318,-6.188649196477633,0
2.4469702439413887,2.0364753633620514,3.9031640768028892,1
0.5238390192392157,2.727679832213674,2.792113376698272,1
-0.8769638108358997,0.7660641146719636,3.3899638231625815,1
8.638050623535067,-0.3461760838396615,-5.12175653822443,0
10.333104718496774,-0.9209193072993281,-5.269136722130854,0
9.139838081911224,-0.08024807281191693,-6.293505894152395,0
11.03416726120288,-2.457217898991336,-7.27824488362414,0
9.220930686838868,0.14936365065968182,-7.136279020004265,0
1.105686860790252,2.452990323589375,3.743823705931086,1
0.047019967261080486,1.665055512868733,5.107838560459767,1
2.6799295791149484,2.7374373420376608,3.242464188874541,1
8.931632327170496,-0.7771474427713142,-4.800123392240629,0
1.436240760685741,4.518471743585939,3.5167654556712367,1
0.8124535522200864,2.840946496919784,4.441289422017657,1
2.5047126051077826,2.3449232031869705,4.137099230140097,1
7.5948805349739885,-0.3883604366789337,-5.3114642401721195,0
1.2070705326018372,1.5290988834093822,4.015510007680153,1
0.8147278891135549,2.1913290930866136,5.052433741706837,1
8.58280304148313,-1.3867469812034185,-6.742947931636448,0
8.65148541929424,-1.8319672896696204,-6.644948300909236,0
1.504202682733748,2.0234279332120444,3.7773722482287235,1
1.6530128960421144,2.4721893445821688,2.596233240187847,1
8.26619550526598,0.8052967621250773,-6.205009450591189,0
8.853354121761853,-1.5305096425648905,-4.795170026621033,0
8.300436747191313,-1.5593762644956568,-6.810876730648833,0
3.3388670507511655,1.24529403943402,2.9753942964697147,1
2.6487632043789926,1.3206830302144525,4.945016346609712,1
8.515349773623676,-0.8410310991830597,-4.780221601098477,0
1.0063670723439602,1.9215390231916656,4.163994856759466,1
1.2903641025884767,2.937356699725466,3.6766046849155942,1
1.8997654118576413,2.282071835705698,4.81341849580817,1
6.992538656090576,0.5737771945449308,-6.830303162581451,0
9.247542713286864,-0.6514691862973957,-5.781572012085478,0
1.8791956688362716,2.9230169838350752,5.782395814987932,1
7.761952064997979,-0.8671726289663939,-6.944556285449878,0
8.096986018249911,-0.9461657210196778,-6.786859547344919,0
9.474665246926454,-1.8862532074540272,-5.956854201936379,0
8.079969303946879,-0.3832686840793706,-6.613257603849969,0
8.407540011173884,-1.7556265616967064,-7.3156568771676165,0
9.510844513698924,-0.9399244138382126,-8.158045298624927,0
9.319486797237087,-1.377990949093681,-6.2164874960011804,0
0.8521479233030865,2.367214389862519,3.1391149903416133,1
9.469543712152321,-0.3550905397626516,-5.895105094331428,0
3.178405386751741,1.6096116698680556,3.5110951374884465,1
0.2884816474570884,3.459335721882926,2.8625291052265203,1
2.6188341614710176,1.2818494262039808,3.578387762315891,1
0.5277543951364154,3.435429123438921,4.394646671734318,1
-0.7295104056406889,1.114775266236907,3.6614580355734607,1
11.440523671788178,0.06435887260534989,-5.607738921852633,0
7.944003577123527,-2.170873202012692,-5.209162565162084,0
8.633587988449973,-0.4939638104839782,-6.258979598549749,0
3.605623691305802,2.612140310404881,3.078063656553674,1
2.4876671940323303,2.6107342688112674,3.0234700434957476,1
10.571853426191627,-1.4721888028787027,-5.425273000438571,0
8.573845379272829,0.3095201727820289,-6.849415052024892,0
1.9105174797173192,2.217790113481872,5.056368199212429,1
8.583005387562721,-0.9538224257941907,-5.200484864692693,0
1.0897714519192376,2.235486060360837,2.9008556838201405,1
10.05955370171123,0.6199541476644004,-6.374238491847212,0
2.4660004525164365,2.22633059504428,2.7470534205474886,1
10.155970383191889,-2.439199202430756,-5.762111753933283,0
8.689659755597813,-0.9826840140304802,-5.488728878849464,0
0.6055284183956733,2.1160563339130745,3.530594734418875,1
1.7241635578270147,3.2484448578611724,4.772247763833609,1
-0.4307779409655934,0.66655960444722,3.2557491983888176,1
1.0189736459902674,1.4335567642400373,3.8653684509015633,1
2.7856898579186495,2.1396385706415066,5.103439473786853,1
1.2210321236900108,2.5296656456312627,4.177229234990075,1
1.5994750624728742,0.8372136780881052,2.719201291426526,1
8.623942946662195,-2.4155105375576142,-4.3974858005001,0
3.205684532622331,3.767090347238663,3.2285390546152466,1
0.95699059066875,1.045913715795932,4.094196695139067,1
2.0941786012892654,2.6872246229983756,2.8601695079215244,1
8.330874480894392,-2.972504105348854,-5.943617710483994,0
-0.4835014578421384,2.767799754836323,4.4178547590420045,1
3.925536332130784,1.213684823365447,3.7505321878720994,1
0.3739940975694296,2.628170770472191,3.8089015140119136,1
9.480754525929274,-1.755024115718252,-5.874587670774586,0
1.9745274136273023,2.2547649193232004,3.407863099369274,1
9.06511012654997,-1.9409600751928726,-6.8052148598014295,0
9.30597508362683,-1.043900698308387,-7.950441101075562,0
0.771917992691597,3.039572595438199,2.8001833320732197,1
3.4442487172961904,3.836549052803237,3.400609319281201,1
1.66114169030988,2.2759758298879498,3.4912237894041454,1
8.763351020718959,-1.8545451428511828,-6.959563058351297,0
10.514202419291824,-0.6774213326688405,-5.82120524355579,0
8.6764330462296,-1.2207852356409625,-7.2596279752290425,0
-0.593227477745216,1.641304814924259,3.485147003442493,1
2.401795868275607,1.814507282077749,3.7430651694150607,1
8.61287508298376,-0.9290604037931252,-8.70153746104192,0
8.453180141498306,-1.6871308821600302,-8.10229848624536,0
7.993787017873058,-0.7885608174383505,-6.72112648374917,0
8.6786335877797,0.16103933066771015,-4.714785107283554,0
8.179800821101928,-0.09648621601075058,-4.922613162372468,0
2.4570549691918475,2.2831209771457104,2.3352735974229692,1
9.30886564788412,-1.176584119978931,-5.420838335255955,0
1.1767830752501214,1.9076721112491593,3.7293012768840628,1
8.864086387081816,-0.48098174517135117,-5.753725538664396,0
1.9710454332224363,2.361860899269613,4.442348294902989,1
8.765581854309271,-3.307895919718361,-7.249123721828513,0
8.418753782020792,-0.3477371537522345,-5.399482243748689,0
2.1392251153270836,3.114267320612923,3.1306187304859394,1
8.304766382923319,-0.6075504079476417,-7.611576470634377,0
8.75510441610215,-0.4033274275007049,-7.487397052656181,0
9.403890885985415,-0.21261940311075833,-4.834087507289534,0
1.6795351851751845,1.0427512122583038,2.1678868778465423,1
2.4219362543991005,4.815057577220376,3.654168613266127,1
0.01468373973891901,3.0614648657682126,2.681664563828072,1
3.0854196696920635,2.1290020577608786,2.9584551057532567,1
10.132882544184648,1.3475949713647992,-6.501611702739037,0
9.268807461443302,-0.41970565737441806,-5.363970970816145,0
3.1843426414545553,3.8847974248493653,3.585633713181837,1
1.647779629282067,4.159051376673027,3.8112746571449807,1
-1.0699806156153038,3.712958769824243,2.933841042571504,1
8.094991024174186,-0.49887778527991966,-6.191258928339493,0
1.4904090381674326,2.3460005259676,3.6321149197659963,1
9.908190012340008,0.7633897657045454,-6.892300078209861,0
10.781558147959096,-1.2943761327068377,-5.176895421258948,0
9.351592976202141,-1.1080834257253551,-6.679189725288694,0
-0.6586104380988034,1.317819804049379,3.823867596210237,1
9.115661432918225,0.996038970930385,-5.8178817226606085,0
9.185281037253445,1.3919710902195686,-5.65021366652383,0
1.0433995289188958,3.2084661518868494,5.499114184782838,1
11.086302142282136,0.07015049190051625,-8.125273353641854,0
1.8386567546252737,3.3443471084922454,3.7939718116422503,1
8.169627915338426,1.2139125074611072,-5.13930372028623,0
1.386089214512838,0.49666320714007917,2.6817937768954856,1
8.77419069444095,0.5546510322250422,-4.96399207259404,0
1.0811171082001072,2.8458556286026346,4.527626160128545,1
1.0771848121127854,1.1668265722741926,2.4658188182249354,1
8.00100686350673,-1.2993612000915473,-6.8411769073637405,0
1.5887962828120639,3.2601189320397936,3.483675907758477,1
2.0990046958147857,2.243903327197803,4.298016320915694,1
7.96821032455254,1.0872037370633705,-5.784416752344761,0
8.612292215582293,-1.0082155354990012,-3.879954207860022,0
1.6020426538260115,0.6856948798377229,4.736630426184526,1
9.55630392982759,0.3797316698874662,-6.7503631643050195,0
9.492745023073972,1.8889351830654255,-5.538075864985087,0
0.06375439863500532,3.60264293341696,5.012052465186391,1
6.932837488425382,-0.7876688969786949,-4.866039891635538,0
2.131387637527107,3.5677344019695036,2.21702206686994,1
1.2470071956796087,2.929925005106687,3.3078024417210847,1
3.501052062425246,3.4955905126957565,3.4707010179552826,1
2.5625004733533543,1.954766631252729,3.287680990630205,1
3.1040075657624984,1.6729726971795005,5.0190379706293236,1
1.5663392676266714,2.8308905115685925,3.1573439944167054,1
9.897097454134832,-1.4723495728436782,-6.545603899969832,0
0.7352968314485917,2.2535024038233886,1.855754678527302,1
1.6903092077301842,2.404307255324959,2.2046753518557125,1
1.8490558799152663,3.443542151856848,4.115960938602548,1
-0.39858579494099056,1.2286800686168247,3.937148539699058,1
7.643721560228412,-1.3931610039855742,-7.259155648856067,0
8.047267561727121,-0.02527949310313149,-4.771552648626127,0
2.151956862276185,3.7553220929351614,4.534627832926046,1
7.987176732118987,0.35832415622421765,-4.67328712772922,0
2.422910443074002,3.33392561745564,4.280161175949726,1
10.836372244664075,-0.7972294290175598,-4.631197641019652,0
8.239121461772525,-1.6115029446630955,-6.205011714979343,0
0.23695955552832615,3.8206758530939404,3.6961255563603177,1
9.9834671647866,-2.6752517751637064,-6.93388328872216,0
9.308931253345257,-0.10846397228077542,-5.977676440305078,0
8.800008307857224,-2.1483612784129793,-6.644002849458411,0
2.0471897420553775,0.8905996513619694,3.6254842356930337,1
7.60742251533213,-0.5647511939294863,-5.481763313908612,0
8.853335816548034,-0.7605830309363258,-6.5246658353112394,0
1.6583965007907435,3.7114347769508163,3.727241968288903,1
9.584317333953644,-0.9353140264037174,-7.52462940988939,0
9.056525101461636,-0.15581221633192377,-4.479772173048491,0
9.189530372636211,1.0800072146819566,-7.048425769301349,0
1.5350187919396605,2.2003176396378015,4.398695831371563,1
7.960253267752641,1.5677203872958487,-6.956315483951796,0
10.431266329974726,-1.808165211264455,-5.014283463437991,0
7.649032946419844,1.5297264469611984,-4.812588833743394,0
9.167612954282465,-1.166625868206922,-5.182133177332878,0
9.203534380047923,0.9068016528992981,-7.469683972827281,0
8.4474926123508,2.1017255363606,-6.156326698743238,0
0.9778859169446531,2.8928165129376504,4.016114610794606,1
8.062353417939814,-0.18337944857780963,-4.915713232067986,0
3.0348320889219824,3.704109507179352,4.092940114327792,1
0.21166245406220852,3.2153942092509946,2.626248425754429,1
3.40656092947257,3.1441045335498106,3.6341167667127854,1
9.75874088328867,-2.0604406170051304,-6.615959834685688,0
7.375233733905902,-1.566167143621389,-6.352371693560893,0
3.339916491574299,1.5373021672740368,3.836674802800675,1
2.0629630805296157,0.32176804274836446,3.364999927182557,1
8.017661738529112,2.518119472796042,-6.868955864211793,0
9.353582444935931,-0.7848459238238529,-6.491065060725156,0
8.481777044520259,-2.1892275913923385,-4.428629669078473,0
1.0819098775679319,1.1331862099262717,3.7832493077150113,1
2.38139722285899,2.7194862924029946,2.6772741515418854,1
1.3251762560532503,3.6846649080264138,1.8983804423532353,1
1.0068270208681351,0.3300472991900891,5.200841034261231,1
10.512894212598978,-2.135203753828401,-7.207166981325128,0
2.887568519281866,3.62110212452223,2.489306684749841,1
7.972010871902851,0.9537932785611112,-5.8733803147870045,0
10.249000113533386,0.06671089295353405,-5.203628950658308,0
0.5950343611391311,2.258707633324958,4.997343701609656,1
8.840258882979523,-2.0634486367320743,-6.910970877457675,0
3.274636998572167,2.9527665635520224,5.197519260079859,1
0.9942194854325052,2.165983225391354,2.504478764147253,1
9.387679449735645,-0.4960748904949446,-6.743592803879849,0
8.697376523586943,-0.844161496177842,-5.920172080034872,0
0.6418434344637263,4.735959512228366,2.649773420695653,1
1.8054976659936544,3.4847447199289086,4.464381750264005,1
1.517051033782974,2.090444889275906,3.9894817702446352,1
2.4186953102682702,2.16362392127193,4.272954202755239,1
8.379174657751413,-0.5669478269987236,-5.485781294196475,0
7.094853749135698,-1.3442939410350951,-5.600473104387283,0
2.0258758256265494,3.9380165952954638,4.927366771458976,1
8.055639810716231,-1.1239667008663028,-5.718554923682335,0
-0.6529607924899223,1.7378247515810459,3.4461021569143213,1
0.1821747050080762,2.038173468607191,4.148950088748047,1
1.8547913075205933,2.366175808268674,4.846762096353679,1
8.43047727660857,-1.1737453713999966,-5.738347556586828,0
9.641010063880167,-1.2856023289339156,-7.458449906448826,0
1.4585749536490722,0.823702225239759,6.129239019857989,1
3.230767963439715,2.76558944755544,3.058193945835506,1
10.03920284777557,-1.575945741641235,-5.499533009849616,0
8.334663414304414,-2.061652916613829,-5.139024618251522,0
-0.8012271468081673,2.4872514256650713,4.040441125446068,1
1.1983773038714154,1.6603208014328525,4.531797514466871,1
9.419389547601273,-0.020518933087308566,-4.294669917198616,0
9.569384843021309,0.3707887338401581,-6.1340877592717495,0
2.0105856049819932,0.9627936506076853,3.1779184714700763,1
9.37781538503582,-1.926806707343698,-4.917453762038725,0
10.162184995176068,0.29338620316412967,-7.263431227635668,0
2.170111953405074,1.1282113450803912,1.902180703345324,1
10.207524067494909,-1.312648149418821,-7.6728712324067585,0
8.860800049719444,-0.9354720529493599,-5.383335063394901,0
9.496649688357024,-1.3526263575860922,-7.931115801794443,0
1.3380356987133681,2.3417712770024193,2.4410940273359394,1
2.89734904669618,3.12911775543762,2.1813458385119295,1
2.0049367195767807,2.95374156201981,4.931619919289219,1
2.477065191511997,3.0374177181073834,3.4006359285488683,1
8.6006924958656,1.4931177553424582,-6.711708993949227,0
2.252856972526822,4.415296125273834,2.3271551070395518,1
0.6133103331369381,2.64701481543865,3.7390020351621853,1
6.597219984683663,-0.41096256260191333,-7.299086398750642,0
1.8082863875159048,1.5093222822913783,3.3782815846640117,1
8.345037382633272,-0.8885352421038271,-6.670482041749575,0
1.550143464762116,1.7617185716730819,3.876005589592858,1
2.084726213930088,2.186693863057451,3.1459294238210886,1
0.8673596615494691,-0.2518926496555447,2.8111784956749664,1
6.390398050649548,-0.09522517408856135,-5.77851627529278,0
9.475931233198018,0.24136298424062796,-6.222795371407166,0
9.473953161884396,-0.8153630654023011,-4.3606082094755685,0
9.75139402966054,-1.9647245019613166,-6.677009870400439,0
1.2921944676429025,3.0369209452876786,5.143269206943388,1
8.94611593159815,1.7369396404647817,-7.746860511819327,0
1.5569203824027213,3.4677567617777614,4.9987804315278215,1
1.3755604510171002,0.9126216392263302,3.9333935753538363,1
8.441629567346993,-0.03528078014897629,-7.3178390190489395,0
8.591896167446784,-1.0055357641315612,-6.123249829629878,0
0.7192902466626263,1.6166662386778938,3.4911264251755196,1
8.129584721283608,-0.21071363645686436,-7.509963422784178,0
1.7023968687034403,3.032465884006588,5.101674431419022,1
0.36925754106977515,0.9280871398112096,5.363481116989839,1
1.10206099536689,1.8543644056597874,4.46539411230447,1
1.3387639608633042,1.3858337687297408,4.307848958182397,1
7.367099334101046,-1.7743784163872296,-6.362679452040261,0
0.7455699677111678,3.0226226133340823,3.3610558346696147,1
9.458842078361524,-0.5879810781959836,-7.1778427091219426,0
8.85133935411272,-0.4525765538328409,-5.314912306294614,0
10.295108909226709,0.3507082595381996,-6.456215034734808,0
10.183304463862383,-1.3421862426863265,-6.735301564129462,0
7.080712361001251,-2.4692979533443085,-4.982671340759719,0
1.9134968466258195,2.4509531845477492,3.505037021379654,1
1.3180810791256972,3.2658314556813828,2.8637240116595644,1
0.8883073191006262,2.207338621485892,2.4673826482807053,1
2.4090452584757687,3.0358114454020955,4.14592968251603,1
0.37351037580000357,1.7116079640487065,4.162273476731968,1
0.323276547305656,2.487747120753639,4.8724860717590746,1
7.747814690449262,-1.5187545056152532,-4.753938497133422,0
1.5931364460333737,2.6062318016007646,3.8091865691852873,1
8.88026393454139,-0.8560776416152782,-5.699935195606671,0
1.558498350037711,0.4200961201039908,3.39769317499007,1
11.031606764356738,0.1702173602648942,-6.311316836802778,0
8.51800696100503,-0.6159733421705731,-6.625908756870038,0
1.3547641860719994,1.1972944187230823,3.7092579212497263,1
1.913875869922197,3.3931034597768237,3.8015621617856534,1
1.1890130634943619,2.5667929245148287,4.802989226216414,1
2.506116625895107,1.6215573524145224,4.081503862722453,1
3.36923156408287,2.7669367867014687,3.3596200884898826,1
1.6832909737897905,2.189490370356638,3.729136618218726,1
9.629885129896847,-0.8822680693620158,-6.60977632838605,0
7.885490873089655,-0.258453313675239,-4.907178815776302,0
2.179922247654173,2.16424189956333,2.198017567536474,1
0.7584379867877077,1.224402100513749,3.440374726035634,1
9.489327815397946,-0.022785910953162625,-6.0453369384383855,0
9.280922033186366,-1.669120137894681,-6.550473516707271,0
8.578524670080363,-0.3263933432717734,-6.5960160177168925,0
9.341100413453916,-0.4172313413565631,-6.830517411881339,0
-0.33807047600629714,1.4052922600017155,5.162041554978304,1
10.581223935170376,1.0556397402664595,-5.62189667314227,0
1.3057685653480782,2.178652727516942,4.388661396068307,1
2.5698634461648453,2.5997648272567826,4.291498629879472,1
9.052684488929543,-2.022982761571314,-6.694684107848393,0
1.9798830051590204,3.0478453468314566,2.4990858335585786,1
3.4175876818970083,2.9090516326235547,3.6682390076345386,1
2.0579830995999715,4.15646892863954,3.3528603733349804,1
1.6536423965980167,2.0449898711465035,3.6450354860947405,1
2.4808158768345057,1.0660937819774998,2.812020470425621,1
1.2961045082033,1.925716753520018,4.600600447779814,1
1.1286844316269176,2.8844149163651105,4.374011883048963,1
9.845975228039542,-1.0474706867404089,-7.2406164464197325,0
0.444874228643519,2.323764365838135,5.633529467025768,1
10.323895485093818,0.1401104038798372,-6.2252199060954805,0
2.737893598081455,1.3541931200668291,4.740092131384424,1
9.002110849513556,0.10176674359469029,-5.589878407877623,0
9.397676128234922,-1.2378563915336245,-8.111849395522698,0
2.9181042197292553,1.390036494049799,3.8840885332086184,1
9.791526502628,-2.667160432624466,-5.1869824502572515,0
10.876779296522095,-0.4955372319723399,-6.707001779251996,0
-0.7214066277446953,2.236790656381851,3.235603145712977,1
10.541162702754434,-1.7711704139213504,-5.855597571399343,0
1.5258190683269413,2.8529182505756774,3.538664533904022,1
7.863799097265211,-0.08354725844686106,-4.578131806358853,0
2.782248272903373,2.210900285201678,-0.11966178934782423,1
10.011593915489394,-0.08890965814754248,-6.615500812971594,0
8.4487346322995,-1.2012403883055844,-4.855284227815442,0
6.964402334495531,-1.9863527587904681,-6.123765765677023,0
2.805830307330371,1.6813638534860396,4.62251227438137,1
8.619684396096565,-2.3421767094063384,-4.431639050130482,0
7.7089267602473255,-2.338382356380407,-3.9799079197189875,0
9.710957043426134,-1.7951033029074341,-5.178715251752514,0
0.5362613360526116,1.9370075757889504,5.032200678128864,1
10.160619921002045,-0.9913321559180407,-8.660493370256889,0
2.5462801929095757,1.6585973133788334,4.37922851633277,1
2.7879263642911787,1.6540630402503669,5.330045235432231,1
10.34163932725587,-1.0301087312961914,-5.316475512043854,0
0.618109051586675,2.7689897440440725,1.3780349779963825,1
8.93870874859487,-1.6442972661990618,-6.497008281495004,0
9.217178745934666,-1.1619020709980534,-7.454061422907489,0
7.275371432442415,-1.267081556780194,-6.215460415755375,0
7.6311544594229055,-2.0422544041716897,-4.828352592156438,0
9.52714531068998,-1.7103017191526828,-5.498631418379144,0
1.7287017280850354,2.2703801063743194,3.042434876992615,1
9.217481271379864,-0.3595776722899071,-7.011171536776294,0
9.504486385757177,-0.1410593089842067,-6.066398675804928,0
8.294003276994548,-1.5183266568468756,-5.385448343789132,0
8.201379484069122,-1.8885917242017598,-6.9615010761977825,0
1.1419592325808425,4.295990772348054,4.322154878646606,1
9.752820524675192,-1.0465091985158579,-6.708233230484873,0
0.37655588149748365,3.7504876845338275,4.9994947890794075,1
1.0708282761664634,3.3642926592921123,3.4248451071977084,1
8.591863604046145,0.756097732086545,-7.626117225221176,0
8.120025851160953,-0.7581202959951714,-5.677580579809245,0
7.890542997029943,-1.5166180778132037,-6.320307031788036,0
9.595862697469503,-0.6778899740423272,-6.437264997615625,0
9.135068378884538,-1.4874170307358392,-5.6840884978268145,0
9.619336186362087,0.007168331468919931,-6.963646350977252,0
1.9975901359279602,1.109805308299951,2.530411578157373,1
7.783137190511223,-0.3316562657862109,-6.121334312145735,0
0.5039118843231616,0.9461755991978675,2.3903281981579543,1
1.837587113272389,1.6457951813020886,4.603427812184461,1
0.009720623141499019,2.206598817281789,2.86817783687123,1
1.4884039521764434,3.627675025976048,2.423886567722768,1
7.533113876507255,-1.678813053871446,-5.826188368613709,0
8.31730806431547,-0.795740594907621,-7.719654305794094,0
9.225836449727968,0.1586131913043779,-5.534794328314571,0
2.0134509557481506,2.5122088239194027,1.4406383845327224,1
0.12499405066748981,0.7689137086805702,5.1787059328005824,1
9.74936993105745,-0.9899564361969604,-8.758104365011045,0
9.099955613622747,-0.5185663522624766,-6.914568862192344,0
7.647973743571437,-0.6614548687061065,-5.333564837051117,0
8.801358919458007,-0.27969984996183483,-5.460699229368949,0
2.083708473533129,3.1967971710877228,3.4095544639835924,1
2.467292607201686,3.4627235740567714,2.5501679692539367,1
3.4114172954617477,3.0220403496992905,3.347570753353647,1
9.92754195382517,-1.207395710700571,-6.775656699418785,0
8.161478657173241,0.2350515130238331,-6.086034021647063,0
8.250089106612021,-1.1310401481291965,-6.710138038124897,0
1.1251272405262807,2.5912493341262666,3.5096904182647135,1
3.000049249386306,1.8945417961870308,3.753908581083787,1
0.9114749324255409,1.7051321921051255,5.375621381652582,1
1.8714857034131591,1.7805643131783122,3.5850284846710583,1
7.9430915065096945,0.19754722427903926,-5.009316223293123,0
8.923496704700868,-1.1566941714756402,-6.175492949329571,0
8.806956504482022,-1.1619932205730374,-6.365304815406774,0
9.941526445298859,-0.4579735201981517,-6.158689790330219,0
2.4165919452156626,0.3516205165779813,4.994433099067826,1
0.8905943434828987,2.601540274517081,1.4731657702426184,1
10.117822614660565,0.8406186964300122,-7.262623308031311,0
1.9570957630413817,2.7367183006029934,4.461799763089266,1
7.7163029284421025,-0.719068209814346,-5.525771304710128,0
8.829849694323565,-1.1724837146719485,-5.9993303360025,0
2.2386452034825934,1.9508479750303582,2.101059519093198,1
6.779057722648211,-0.15153202886980455,-6.1928496829706745,0
9.507838885801153,-0.8769959347186478,-6.763224076680895,0
10.87710108233993,-0.624202174290073,-5.552137342557479,0
1.8090724503584883,1.6832190012059196,2.996784816591152,1
8.850370564935758,-2.939257323132017,-6.692720080063219,0
1.9325584158589417,2.7190428107913944,2.479314069375326,1
2.3080494679011414,2.481828486658383,2.8051238726088967,1
0.05757016446845564,0.9023147502146702,3.7652357880668506,1
1.4895478147424162,2.7305343731688376,6.2157562911294795,1
1.683602599187836,1.842830061109277,3.241751265201726,1
1.8016516243447365,2.3158460053758345,2.9975767895328307,1
9.066368728236776,-1.3203422825834408,-5.959961219237651,0
9.291638782927352,-1.62316030642865,-5.971046535638902,0
2.507329246305385,2.909774820986451,3.4443253799875233,1
0.9232758325908474,1.787458982403418,6.198284278634606,1
8.683763861255892,-2.7095675246120625,-6.4423956394899315,0
10.147043616260177,-1.7986384565700246,-7.493623235253717,0
2.635345184025779,3.6667979835636544,3.001477488783822,1
2.3996378893731136,2.6726999586368008,5.280640891524426,1
9.545764940863048,0.12876082904464536,-6.563904528662516,0
3.400891044790959,3.4682283332615826,3.9630548804034156,1
1.0644724406545423,1.0002064081579976,5.201787488818045,1
3.475963947523765,2.834805502460151,4.619220113369657,1
0.8818835834027092,3.7682071358212155,3.414236800835279,1
0.8674313322457454,0.9947405152833724,4.173286956884966,1
2.3732232869490004,1.9710745479973624,4.90161971830361,1
8.300271801352586,-0.263677755427523,-6.273975024887036,0
10.489379972838613,-0.2452076820139612,-6.048669362810703,0
9.488976226090841,0.9779886053807605,-5.496329324947719,0
7.118083289284368,-0.4741555695321718,-5.4931551553528255,0
1.1762139354961065,2.029818092158308,3.4192962541342586,1
2.5857979397023882,1.818289036850869,2.2905955654305252,1
1.8111318701810586,3.3645273086480016,3.025774761958446,1
0.7941251336872039,2.6810760461936693,3.4878310696994683,1
8.096854020278013,1.040991698213612,-6.083623731387845,0
8.777936100727278,-1.0946161033533532,-6.361940094448494,0
1.827235562140435,2.497192761174213,4.967783426962734,1
9.253649465719542,0.835793535267036,-4.826342765567032,0
1.7756088451066647,2.6126252152134706,4.5773271913924285,1
3.0895514621049407,1.5423185135674276,3.0659382897152185,1
10.810329913411223,0.06584320530722754,-5.549899702792508,0
1.4713307755482465,2.6270490857739293,3.5846934493221063,1
3.1295149952347603,1.3587600353448246,3.37729295648898,1
8.001644408838308,-1.9102951881592085,-6.199650723318216,0
7.572731795374917,-0.10770667511070875,-5.523616964889959,0
1.399337475326241,2.573228430871943,3.787730512026299,1
9.29967805798219,-0.21847483467212125,-7.571960444513281,0
0.016129523271983803,1.158574784027584,2.9935817850070476,1
2.0827734029788325,1.1571107338309898,3.7899141217229584,1
10.587094632138328,-1.3447294357646884,-4.558747780966663,0
2.681495841778532,4.158371924592744,5.455496660508154,1
2.225916243295697,1.9778153831241876,4.170424323624367,1
10.947170566859082,0.9991374460715203,-5.81698426498789,0
10.031543819105533,-2.1381596321088066,-7.410911791283298,0
9.196438506391232,-1.2655464645591148,-6.381685443035136,0
2.6824963073474706,3.078105442734975,2.7045042899178213,1
8.736965986444131,-1.1618158751577592,-7.461609659916356,0
0.7628117521015663,1.8967187007238997,4.257651865633445,1
2.982295779830456,1.9844609509028643,3.3094757587120354,1
9.727137962245443,-1.9291726937187714,-6.389912116574303,0
1.2523306984371307,1.8505443144363145,3.877191858083848,1
1.1653822359312949,2.720571476523683,4.196401285309884,1
8.03081948252579,-2.2695177881741455,-7.05450898181182,0
-0.46933830854405434,2.5598924669588663,3.614687245984951,1
1.5436839423876512,0.7661383783928262,2.394448535462942,1
2.893039385713389,3.2131181739050763,2.420826259854957,1
3.01643749988776,4.2573968430185,4.667657454175405,1
8.781490687567477,-2.7661352316249714,-5.7700901138170675,0
8.375520497449688,-1.1515816362128901,-6.454853321820102,0
8.299506585218628,-0.1915708015789106,-5.724468774221639,0
8.981875337403196,0.28554414932458405,-6.857558574653388,0
9.128921298915724,-0.5832015581535595,-3.8871267172306565,0
9.018301689014242,0.1006781239430301,-7.186313159394981,0
2.329140776174378,2.2466718142779145,2.621297212625386,1
3.361161888623414,1.59779847869156,1.7350277506974516,1
6.874895551022558,-2.6703507049105752,-3.801453049891205,0
8.933351266850098,-2.074084913914792,-5.061623437233065,0
8.693154194657378,-2.613803477500049,-8.33073758897484,0
7.71770777189542,-1.6025927812507637,-5.8807927773177555,0
7.806876475964202,-0.16194738442548984,-6.072474272414391,0
2.297101798363632,1.1840268484596068,3.112028697888151,1
7.294939936785233,-1.223848226076443,-6.837102253537414,0
7.34025226088443,-2.379148345566688,-7.345204348257468,0
3.57451928336575,2.708129419781593,3.990281564514536,1
1.5781432504206931,2.5581396825412055,4.076191163769012,1
1.673128492886593,1.5860854120625416,4.1085037218589715,1
3.5086162776206633,2.372825441754724,3.2660306382617157,1
8.954915576227828,-3.728984612565235,-6.095920937322996,0
1.3575278413336478,1.6029781252457693,3.6025888793403955,1
2.125484304603953,0.5031692082122698,3.854702805469066,1
1.3151477541538144,-1.3012601831504167,3.7162681477434005,1
3.50389208461029,2.7287877416477895,3.791071631843063,1
0.6638888419299627,1.5768859525913745,3.508185770018227,1
2.6721461222291953,2.127559721047133,4.164304997338451,1
2.5158595265405284,1.92606065280955,4.12832442522401,1
8.450601049663426,-0.3530765519473484,-6.234261786022524,0
11.238369499500422,-1.2848097283893387,-4.90649321213296,0
9.269443813075155,-0.5510978648117144,-5.818934409417181,0
1.0582320913361514,2.1259041430929577,4.636025113002015,1
8.855437037385316,-0.6579007070209336,-6.0157830606497695,0
7.5489954383915805,-1.8672049092186274,-4.8560749121090385,0
1.0728728589098138,2.324534216334067,3.6313618015319857,1
8.716881980769267,-0.7796593093901967,-7.937111588867105,0
1.1075023535716082,3.297120917518349,3.7774064239698473,1
3.3806403971914287,2.748824320473961,3.78358401365354,1
1.4143751674190357,1.4067134901754208,4.017515307855447,1
9.64549783775116,2.145012486444431,-7.158646735671578,0
8.691466625501713,-0.8120910811893804,-4.169013807673533,0
9.525704552293025,-0.7025604984525068,-5.764238202478154,0
7.510416779155172,-1.6587801271874973,-7.993372190793557,0
1.5981823054511446,3.17372593504792,4.108080234078446,1
1.3258395686850075,2.3670713464389848,1.102602364564694,1
8.760852624249189,1.3533916120168392,-6.352116837646438,0
1.2187087431596146,-0.30723610505794596,2.782171229325405,1
1.4689737144032038,2.7403943642877375,4.578584120409188,1
1.9576191404294907,1.971329470704025,3.538001485478137,1
1.6400753570246478,2.9623671805943785,3.961563902097611,1
9.027652137241942,-0.5463327563164009,-6.272279467191899,0
1.287692971022525,2.467638770923835,4.021701310426192,1
10.260433950388288,0.10475932236325114,-6.948631031280841,0
8.983968269139071,0.6506487454807746,-5.055927681926314,0
9.134757004527783,-2.5624304333750976,-5.51422861221582,0
7.796128692606363,-1.206685214913786,-5.599232260835535,0
8.518329127161643,0.4707959104499009,-7.72242839729007,0
1.7778828292874833,1.8045631307736987,3.735527108642583,1
0.39961129931324346,1.2289290232689694,2.1469928775548466,1
8.342215252967213,-0.7018174225633221,-5.786851222188266,0
2.8934827222225703,2.610681955177678,2.6970508968864895,1
0.505302241609624,3.0915303936388003,2.906523283103834,1
1.8432004638932162,1.436346009597044,2.963826782638855,1
9.907760441731618,-0.24777595797232,-6.165796734883735,0
2.8235215637358704,1.8467651804087557,3.185954126505759,1
7.81301006016831,-0.21371658598097498,-6.150278844894174,0
2.3700217294163815,3.167039043432117,3.9088533881918535,1
1.202153337949215,2.9916127768178358,3.998076171458809,1
1.4083184358021876,2.394453090090979,3.5073726369616742,1
9.292964362057187,-0.5256104266650904,-6.447792470623167,0
6.778430996500537,-1.189390212670312,-5.9781451540641015,0
0.3942697764871874,4.91019731124156,3.499163229542,1
8.547891087055014,0.49224605476735683,-5.147534031231437,0
9.479087001874005,-0.005036234205903045,-6.252756742632416,0
3.763865754354419,1.3656460723984125,2.131512532199561,1
1.3034805689480198,3.357489505842164,3.5331516266256147,1
8.061865095375552,-0.11842860437170188,-6.396977557587458,0
2.5561193917734424,2.2842200821946204,2.460170782225337,1
3.3696722936139656,2.2127228521137337,4.626693508976576,1
9.412356630209938,-1.5108601094350507,-6.874240345472765,0
9.952639399239409,0.20354077952790273,-8.030957798717628,0
9.437089841048316,-0.2140870911810666,-6.039260567783083,0
10.60639711069084,-2.0696662333425104,-6.05078286029779,0
1.7964768983297932,2.726187277273749,2.4181977019863092,1
8.98044694329048,-0.016986804088387597,-5.241265529296412,0
8.92647317646827,-1.2586943234998693,-5.735473208926984,0
9.933601813087236,-0.3893231160341156,-7.176614642310179,0
1.322681264082491,2.5160440929442505,4.355235451958524,1
9.56738438246331,-1.2307064579148874,-6.789131924316111,0
9.73921953873371,-0.9352437440913637,-5.947989301261819,0
4.115926323362698,0.9870943536904413,3.074897874374657,1
1.6458567443868082,3.8025012362809028,2.499633300068364,1
2.098939974935005,2.316012031873022,2.908040012108501,1
1.400535578343367,3.241390807392222,4.414708809720827,1
1.324214177916889,3.973793067933973,4.014251072253423,1
8.5191749013268,0.48626158408043874,-3.9216519763206064,0
10.163591433040645,-0.6910927698637813,-5.9031053280985795,0
8.182802585666849,0.13851423633770577,-7.021614379750458,0
0.25145395171538976,1.8167229710485953,3.4016282513377654,1
0.5273773111757489,2.358396612960498,4.519334530856081,1
9.080378112738664,1.274645491009852,-8.950444247136819,0
1.1718898949295495,1.7186249065454064,4.246518639333092,1
0.9141645457713873,2.867711597345508,4.8330961994251425,1
3.4808980102306846,-0.837846500553983,3.0485521198452386,1
1.8999054120028418,1.488352116177957,4.3507781815639035,1
2.987095820712579,2.344933727547413,4.1978187577744,1
1.3566244311468072,0.4069112946900415,1.9350850578737329,1
2.2039086697324812,3.339228320073121,1.0498960000723505,1
8.949353403103256,-1.8699753063502036,-6.153771013700767,0
2.800452731692804,3.104133795510334,2.3442675807923763,1
1.2457525648393533,3.969090373547904,4.064177918277917,1
2.2903767006445843,2.1209333093296987,3.8731249274735435,1
0.8673774812175401,2.0167273224714295,3.2321943216257045,1
9.013990472641108,-1.2160493628065634,-6.426067668404974,0
6.433537610325549,-0.31435258539961436,-4.447229030499775,0
1.782370454190728,2.9307296341274722,3.760202092002662,1
0.7311497041276901,1.5834697064982244,3.8842737373863883,1
11.118235726277211,-1.5997116174532748,-5.327421661433275,0
8.056197550982281,-1.3188773394748876,-7.011798418828847,0
7.559220736966722,-0.6916609980498301,-7.712634224156747,0
2.515937424291809,3.3575988298957196,2.500858941574728,1
8.946762277127906,1.2858736476560915,-5.7168632577473915,0
2.5168567589855266,2.18522656934167,3.5801586492763735,1
8.564098732067501,-0.9322663075391884,-6.813144134447866,0
2.095453816209408,3.4955766248230553,5.107536063524048,1
9.288906672255806,-0.4442816559369875,-5.6808885586531295,0
3.3150632951805443,2.2519115548639688,3.2098964887760477,1
8.99701060719895,-0.43802128596117057,-5.977393369002128,0
2.0629757279020806,2.2926172181293953,4.30754543296123,1
1.5819527621863108,2.563023127580875,3.4661853530654128,1
10.592574308196035,-1.892727634695925,-5.263182848920086,0
9.045893292329573,-1.7247224193977329,-6.606119534715892,0
9.085405128276404,-0.45869188751456186,-4.463994206080811,0
7.173478816415475,-1.1138869923966195,-4.870323646452741,0
7.829407723809934,0.37110383185578133,-6.34397263031756,0
1.5315625121585055,1.7937059962537991,3.649722317474696,1
8.584861198813215,0.17443674823001698,-6.099779347275452,0
7.031919224913628,-1.2036032405593111,-6.351037023339799,0
10.887862269069995,1.1371884180138092,-5.002934106343773,0
2.8628644122038107,3.292976264628212,4.274212222648596,1
1.7379846987370018,1.80199426753917,3.6035763120999578,1
10.093364260097264,-1.6450856848394775,-4.823389554566724,0
1.930196765729434,2.928143041805965,3.6098748356953183,1
1.7465450526374657,3.0071173210628137,5.068496855339921,1
9.408114979587715,0.8432128956436538,-5.715782374712783,0
0.015070363532015962,2.0274690327662745,2.3201228104546465,1
8.300456447827274,-1.146685387774889,-7.315448768109668,0
10.826404919841874,-1.246563373338678,-5.707160475530137,0
8.88099455566471,-1.6615798190593432,-5.366932567482781,0
9.898134961723068,-0.4424421940450351,-6.2645077975721035,0
7.687261715889441,-0.7277329998966559,-5.605266442367596,0
8.417034074417941,-0.7329036202043615,-8.036242181010376,0
8.572042610871282,-1.6590139585198314,-9.45489765536477,0
1.3446941778556107,3.01974350338841,2.464284387575094,1
1.2224759119835533,2.516920873377857,3.1677833693820774,1
1.4844110408463467,1.638989814638499,2.3100372271398406,1
8.417537675104839,-1.4608287686080097,-6.425333661579016,0
2.451476703117781,2.253670465597086,3.9517784084511822,1
1.4799412397196945,3.15615447075505,2.9533282998443413,1
1.4865801590520706,2.4058119588538154,2.6038028181691506,1
2.8657934064722324,3.004815876721791,2.0529414374721853,1
2.1616375393536362,3.5964390964316815,1.7886942135337374,1
8.870527010020261,0.07779101559157298,-7.117791437503037,0
9.680806291606494,0.2159058977846633,-6.759656689175983,0
1.5307945812071415,0.6548632601518853,6.0457112862549405,1
0.17489488658416952,2.6893433852325357,2.9296677554420314,1
8.024202055301071,1.1208929986922,-4.12674230877904,0
1.5982300993840948,1.5846866182778543,4.204687423705955,1
8.93959870358302,-2.234769992155835,-4.815703664940649,0
-0.22554374853294057,1.32842140107775,3.711589759473909,1
8.695669489957409,-0.7056816540189135,-6.6540373552588195,0
1.3988334452597766,3.2835599946555143,4.847322320176522,1
2.6953930269210975,3.0282318945276376,2.498144935700571,1
8.3068835256265,-0.6146764394810302,-6.189084104392715,0
9.11629420589341,-0.8723700743521903,-7.819841047374425,0
0.46970598715567213,3.706036219926996,3.9773808396611554,1
8.02384911892992,0.05009281886965555,-4.449970890405351,0
1.0308896733985393,2.7891929327593914,6.316246457677442,1
1.3345516049270911,3.6461681694272112,2.8613824324606654,1
1.1149917065736497,1.8829480554859155,3.646049615555841,1
0.7968604805376912,1.696983552373066,3.993754056417739,1
1.7478962479374,1.9790272333031613,3.8824300091995685,1
10.895753717170237,-0.6361785923469855,-6.967644357262751,0
9.882650586531943,-1.0538995340216126,-7.4785412043701305,0
0.9905904508406814,2.420044421696422,3.3403142059678763,1
1.3798824794220637,3.2105258439614244,3.083989642297275,1
1.2821882574677148,1.916104867207202,3.1396894188780724,1
0.8089996043831358,1.9340785455800231,2.366168541670211,1
1.007030670104012,4.006646507304762,3.3143447654545786,1
2.1620086533323515,2.443895299395045,3.729120317566072,1
7.003929342791028,0.13410468647794238,-5.0455138017386725,0
10.709060579843026,0.16399335860152464,-6.40679147668352,0
0.13425252052042458,1.8673875515216762,5.098491236982737,1
2.2483341156344916,2.9064260906322565,3.7840551867727275,1
8.2245596669941,-0.5839599203738861,-6.240651529535223,0
2.1485101969768134,2.972709841798563,3.9220311963365786,1
4.463185332515594,3.3929985826946565,3.7144205710626013,1
2.0180027856824285,2.2344084606179084,4.063611100833527,1
9.00149385081415,-2.3610788276735404,-6.37731524493767,0
2.2977719249565576,2.9913668156331936,3.711378886055632,1
1.2704267967924618,3.319542333853956,4.837090009646024,1
1.4195990932463514,1.8607113618082494,3.404192208467574,1
7.733740431496107,0.12220910175057575,-5.741549422179838,0
7.501424586178708,-0.15245381932436075,-6.129897960544972,0
7.850426051521327,-0.2742975865226354,-5.753840718759071,0
7.879841876192182,-1.4887951164409663,-5.28442962680373,0
0.10111185343005769,3.4465797763811947,2.9780753381946603,1
9.84522552097207,-0.6242471338360943,-6.331938917782683,0
8.78382198785123,-1.6925231972435943,-7.301812406131214,0
9.40610499149594,-0.6287325513384419,-6.938710003413651,0
8.462798273933739,1.371056074498477,-6.840398520205601,0
10.168730228841044,-0.43723159172253,-5.704117577261917,0
8.510286344461326,-1.3810433838245069,-6.730021682711879,0
3.2353767229281116,2.5106120684615476,3.3559046468848406,1
9.926051043336006,0.045220622987777626,-5.625223358866956,0
8.865704308923839,-0.715014490838925,-6.706008367698703,0
9.020647647106976,-2.142817310508073,-9.255220410450589,0
0.9556363381109887,2.99682154218067,3.8697717981929824,1
7.689657974451022,0.18198764180108518,-6.25278069707624,0
9.539806985183969,-1.989336068683291,-8.374993113473328,0
3.527480051996522,2.605229117873382,3.982934854655502,1
7.151979522924075,0.875910434651882,-6.4453818027513705,0
8.137389536697178,-1.7837193785109002,-4.056776281411052,0
2.4342157837530856,1.6653193221108666,3.6970396425406147,1
9.170044859440026,-0.6197308299468969,-6.516182397294043,0
1.8387536996308307,0.4663660193188415,3.071927194892751,1
8.597700249027879,-0.7802279941072452,-6.298094560056371,0
3.810112286174101,0.6966751576148169,3.7403417574026596,1
8.885763166760169,-0.07582225038592383,-5.298251479795884,0
9.199783836479616,-0.19588925461949336,-6.570047221549167,0
8.319283043274886,-0.9498366761036203,-5.573596112850384,0
8.561456889131309,-0.9019397170117232,-7.650913539752514,0
-0.059508733462558805,2.128474293584617,4.374156694025989,1
9.756078119558795,-1.7964497127943664,-7.084982263020879,0
2.5113563743705516,4.044408083463854,3.4668127557657744,1
1.820640562392136,-0.39455837434574725,4.318015283370354,1
7.570621688219577,-0.22761722954557034,-6.8500609045938265,0
1.3565819833934039,2.7666622033646924,5.139602506516688,1
2.5849539317015005,3.8271258944697957,4.271712705186123,1
8.588819874263784,-2.770819204678748,-4.466288599230257,0
1.560138767397231,2.6504285052940215,3.4605127813070182,1
2.442745490313584,2.530670374935143,4.222644089519338,1
10.557534678643318,-0.04992502503075236,-4.642552976717113,0
9.187316319644617,0.1079477823377688,-5.6089415622003775,0
9.096697341109442,-1.3670535956171608,-5.004594401514932,0
2.3373324993030447,1.7216284239332933,4.011436048708268,1
2.4275371947033717,1.9259264966377228,2.896073351183154,1
1.2922897910609574,1.745926608423825,3.392967562244214,1
0.6783208707719501,0.9724434732116853,3.968719641689847,1
10.11535855558437,-0.6211182367402885,-5.574749723208044,0
9.099443054574932,-2.1148978378189582,-6.38649950564327,0
9.786840831216633,-0.9355029361895291,-5.489824249461133,0
7.37573009633204,-1.37301101383447,-7.206535747325723,0
1.8334941428926566,2.304202938638151,2.6499994026038447,1
3.301573297270537,3.410153125743312,2.747942970881497,1
8.349049050223961,-1.9876225738164002,-4.542920502413519,0
0.5639139136148863,2.2478100214616403,3.5486349512516555,1
2.388699464504599,1.8169372016818848,2.664063878184555,1
0.6724581879654956,3.513124462879688,3.7264843454160554,1
8.03786068336666,-0.17156128424950767,-5.011808989001813,0
1.4959238114318392,2.683209077450421,4.171213634910698,1
8.043284081326322,-1.7567812685698974,-6.43776137049198,0
8.927392146492377,-2.5473150215211526,-7.260097190587185,0
0.7042999454975444,2.7938939037491317,4.968357509353722,1
8.72504886543879,-1.0549994749111877,-6.475545330708619,0
1.5010342410705384,1.6514325854645555,2.9941613283321655,1
1.1888240803728234,1.8284362978769901,3.043434265567048,1
1.0147389840044112,1.5477748540985221,4.096763674053873,1
1.7558120247788893,2.0077173114926903,4.505949705016425,1
10.02536455221075,-1.6879433672465658,-7.4413754182478895,0
1.8845420671477875,1.6380684211872034,1.8073892805720138,1
9.188823328097731,1.639260188463679,-7.080110490339462,0
8.844109156611733,0.5469191778463323,-5.356415640638763,0
-0.5512556584025505,2.9814596947559364,3.058568912261305,1
9.727123708993554,-1.5988199498982545,-7.392366696725959,0
8.488382245159524,0.36174845194395067,-6.656210550114008,0
8.011526788049622,-1.046445588252501,-5.972589549944254,0
1.979146662325045,3.1866126061612037,3.0259839733963867,1
1.4757530478448908,2.430674111290124,3.999318775689559,1
2.2511714684588164,1.8269902243056844,5.004557458485624,1
8.97357459530615,0.013963355424502999,-5.406414430370689,0
2.6383766541790172,2.023515800241673,3.3749093715410186,1
1.6726171681981576,2.845741809953958,5.517956763765353,1
2.5558164879397482,1.3885019689773315,2.439460968819395,1
2.728329066861231,4.26413319245531,4.571321720418524,1
7.794314052403598,-0.700649472251964,-4.431149181547403,0
1.4015470269193344,1.7257062196282826,4.415088534124077,1
0.1995515097437015,1.7129248452966501,3.5856189772016767,1
9.022430156942978,-0.8251602403145017,-4.494044723812206,0
8.263184357194902,-1.0703260622915243,-5.20078093714813,0
1.0759541400238175,3.098293051509147,2.0237792045318588,1
0.8659593085766736,0.7858182776530551,5.315548540091546,1
7.660583352120429,-0.7614876013668291,-7.3892166818120515,0
1.3410883582136806,1.9747453375473747,2.588023278379895,1
7.837751395791383,-0.5591334302802842,-6.353580097075787,0
8.00562902678547,-0.32829787300434526,-6.670048004413638,0
7.283435210771435,-0.4426160683467861,-5.309382581298101,0
8.756126783376946,-0.6735172044337385,-5.677915143197442,0
8.603222402989916,1.4248025319493691,-6.970481624435715,0
2.0705456747480064,2.067656025633595,3.679312029378664,1
9.016150408648665,-1.1567300659112885,-4.062175300338851,0
8.36663586088622,-0.19847597070082668,-5.61809100083744,0
1.9919014848417471,2.5545669862448173,4.928141216863318,1
10.347002978026755,-0.2013118040877787,-4.474696361589471,0
9.133567255315828,-1.0175123641599968,-4.943366293642054,0
8.926608166474928,-0.1578751702366038,-7.50434072775329,0
1.682114113299852,3.0968795663069386,4.330514924729451,1
1.5721304367337428,3.1078455670252083,2.8655672747108314,1
1.3508233643305227,3.093519461612877,4.700682921969677,1
2.0240915251340015,1.6523835096271953,2.614168256592981,1
8.059145154552816,0.5591168246811837,-8.430737772950739,0
8.308363298075216,-0.4615435694112147,-5.589908451347208,0
7.353427109236951,-2.357186927709045,-6.445954876735216,0
2.8575664264528893,2.3083012125603966,3.2891486633661025,1
1.0301492645696566,2.665399086848017,5.31753583856994,1
-1.1147543533009063,3.723970692852134,3.533743957025975,1
9.665317346452461,-0.923023538554979,-6.148324055112313,0
9.106703608128246,-0.7845808737738562,-6.0810897775294155,0
8.477727039667652,0.14886923004449704,-4.475444438071348,0
3.2787946458223107,2.923969405294897,3.1882877094386926,1
0.9467816039940864,1.912841513697152,4.256948274066253,1
7.378046506004833,-1.4919242979068534,-7.854544976222612,0
10.052722217235825,0.41791345701730576,-5.6092786683926725,0
9.440937344047994,0.3251366003679941,-6.953051260563635,0
7.86038331482794,-1.669856401019267,-8.548849634450761,0
1.7137152695165925,1.9819418089350187,3.6798419876997266,1
2.1138425139892334,2.0210888661431996,5.35024226867509,1
8.918314506500737,0.050738807861197666,-6.401214748794225,0
7.864150392684191,0.23429905499522374,-5.40604954977418,0
8.527164486689239,0.9907913346944766,-6.252705194843173,0
8.62718262837891,-0.47381186611264925,-6.018702165474301,0
0.7218605471145114,3.857030632045319,3.145551613157246,1
8.724536500909181,-0.39617559129075197,-5.82905407033795,0
9.142579125492167,-1.149571699934607,-7.431801390681372,0
8.596060208506927,-2.5421435901376555,-6.813403545348404,0
1.5573300547908593,2.4768606439347196,2.5767152809646428,1
1.4531810708641018,2.6043412933695427,3.789521598544547,1
8.718694022587012,-1.109754163089684,-4.460981768897476,0
8.062875719887874,0.7601885807988549,-7.360818784207501,0
0.4856704156703866,0.8417731397476393,2.435999572023864,1
8.949121748678124,-0.34772736214213323,-6.940809149378756,0
2.1881355897561114,1.7044088811776066,4.633470255792117,1
1.369350585238366,1.320728897645968,4.697198242791292,1
8.72951190326505,-0.4183589672166423,-6.889093742922947,0
9.425895806435,-0.7484832287112871,-6.62057309057012,0
2.3460181180248996,2.906287827221096,6.509095185707605,1
8.83390021780524,-1.1256686427545526,-5.360766241602746,0
2.041973447289018,3.387384339598861,4.352888647647847,1
8.847115723261073,-0.6535452517261884,-6.092454999769209,0
0.8571065440165359,2.4630003865313967,4.98968711418721,1
8.83089498882093,-1.350943593180266,-5.076647003887961,0
1.9364317712685948,1.9951248532154393,3.5857532939216923,1
2.1414594040351056,1.0861759871436263,3.884480737961029,1
9.708336713864954,-1.1632632142767285,-3.7879909328791967,0
8.158751907947316,0.12195939646552023,-4.400908730190121,0
0.47450989435853597,2.3183909991066214,2.7481761069797694,1
-0.011209712349354195,1.1291357197818321,2.1304705253893137,1
8.598040313877041,-0.5614057300077073,-5.778604492315308,0
-1.8166900036505385,2.1751740338096135,2.4337484927147175,1
8.881761713776633,-1.356008799153596,-5.6675958704444795,0
8.59594470917859,-1.6391622099011975,-6.133117741245979,0
1.5503061477280973,1.1504065607183538,5.232217123324196,1
6.873718307873181,0.35713024956506945,-5.268227564427747,0
2.303979098145023,2.6957778161349584,2.6140939580661344,1
8.359976160603143,-1.895768897648198,-4.8743036768016195,0
1.2896522807178816,2.3783220305514727,5.1526218820335234,1
9.835316545637736,-1.6168706395290977,-6.298560575307183,0
8.511732076064963,0.5439490086392877,-5.588196407102782,0
9.400608575397147,1.1384885034536545,-5.26998507515881,0
0.7285083975497489,1.3734487400261175,6.401259985338358,1
6.842864617808312,-0.9440991579280963,-4.516145862796904,0
3.062432656350266,1.7810756891973434,2.988518745322689,1
1.0139442479459526,2.827802205147197,3.902466237747642,1
3.9470638342297515,2.314793296358113,3.948886126321682,1
9.047200302091253,2.2111573651473106,-6.009763002845836,0
8.455710860323256,-0.3182969394527602,-5.0122193641486525,0
1.6237454790428607,3.2653342730351387,4.823294647152637,1
-1.359407500878385,2.362410960861161,4.047137876533447,1
8.992822466179076,-1.3186125600772098,-5.81076710602573,0
7.035614683837551,-0.3099021809066249,-6.096116068446095,0
1.5040320267903704,1.7712884880460134,1.6160922982715626,1
1.2051868542510462,2.4299425353828097,4.496401705189125,1
9.507418466764154,0.6089517803578994,-5.769030578788193,0
10.920962495116521,0.7473957492590155,-5.63742510617732,0
9.101259428355249,0.60958368106525,-6.16786607858696,0
1.170818045409088,3.6806294312156496,4.328499913435636,1
-0.10189618614374485,2.7479158112384914,2.9401581888315356,1
8.778074364726853,-1.3776386395936793,-5.981060663563447,0
9.470409781945222,0.23742918062112695,-5.6641985528224685,0
8.55532349116511,1.1004406778816904,-5.551504144054076,0
2.1037935590208336,3.7501088036170502,4.7455270527673905,1
9.76805826454353,-3.0441301443411564,-6.326960606344681,0
8.03016066399684,-0.9853833858926246,-8.213247349520572,0
9.170230119009638,-0.264915588665039,-6.083770240417492,0
1.193751380413515,1.1956206505415832,2.7216047969122483,1
10.774563742372118,-1.6676057682336594,-6.449239065224382,0
0.6478417789948073,3.8248818950443715,1.5602304333834058,1
9.818895633739961,-0.8259809332053435,-7.43724715971792,0
9.767464886990364,-0.11122490615083747,-6.125901064648133,0
0.3881795989642445,2.89888683044424,4.6616633617353065,1
8.872660864967298,-1.1916100219205745,-5.700020744371806,0
1.9791023988014338,3.2638859552808186,1.665827607457767,1
8.825841788818398,0.16564964634729418,-5.729165791206221,0
9.552426431625475,-1.5230335893085178,-6.615461125802932,0
8.947300090698025,-0.4686249169224217,-6.9786273204431994,0
8.825498816532262,-1.5185405223563944,-5.774516861337856,0
7.3998195688331325,-1.5139792615245953,-4.518659890275748,0
8.681309088348396,-1.4822657311511516,-6.612031375974071,0
2.565449019855442,2.35664719478481,1.4005007762505324,1
1.6856258772374377,2.1478623969515933,3.5891569867940523,1
8.963800455102186,-1.9843231794379943,-5.6254177914562735,0
2.0995347147081835,3.436462792993418,3.45954032592778,1
3.4321635738149427,2.768589374863926,3.712698398317801,1
9.24624929482686,0.43534689856480613,-4.99163601350191,0
8.654322652360083,-0.12676412797723646,-6.16738590007475,0
0.4210613022144054,3.502011444387083,3.4823943349959587,1
1.314150941186164,0.9694451038878542,4.081343048181309,1
8.005768630324425,1.576979943709662,-5.535518398278255,0
8.336039862335147,-0.06585081573817708,-7.440258563032554,0
8.774028256502298,0.7036656641298322,-5.402737795811846,0
2.099671626579939,1.0268602265245634,2.7460391663663137,1
-0.7233727626882152,3.383458886429958,3.620579488367663,1
0.518945709258861,2.183395929576714,1.7368691983489002,1
8.588998184805991,-0.7877898489064279,-5.671292802553191,0
3.0524366607779063,2.4344376140190485,4.699046514889458,1
8.898329388827008,-0.9357684786206175,-6.0450290882205415,0
2.1041917429451304,1.4223153168277738,3.334975153018684,1
1.2951324640599722,1.6474391825534425,4.038588677128061,1
9.382096220090675,-0.4709098838888305,-7.637087910248953,0
0.9330899625015477,1.79011976294959,4.24838003596841,1
2.9743046374997473,4.847085891352051,5.423943590840076,1
8.962131811368138,-2.1047770045611482,-6.5028369107508945,0
0.2524623464191167,1.5269434438136003,2.596993305474168,1
7.2913297117886895,-0.7531925582126329,-5.94170577785414,0
10.149563672946652,-0.6342484685720403,-7.7741877944988635,0
0.841677512214642,3.4490404357590965,4.786635654589535,1
9.192930430048598,-1.102494125362548,-7.251429269355808,0
1.8190736004047912,1.7378689601772375,3.920288006608173,1
7.280869191156036,-2.6040610502610453,-6.079455922669518,0
9.376190406076928,-1.4727278344887633,-5.873077996982814,0
0.8067481209104315,3.4198155563146484,3.8757576411593755,1
8.04681872692376,-1.5964115551748992,-6.33194471521197,0
1.890883220765533,3.200638902055132,4.013742068840673,1
8.690073630381914,-1.3290582523905972,-6.466836735781132,0
3.3872523503950522,0.8423156679050641,4.202655698859782,1
