feature_1,feature_2,feature_3,target
-0.972488478401595,0.6946908135229845,-0.8924946392369034,-79.73043538126511
1.8430004726308453,-0.6359282294182426,-3.239530704026526,46.45083759670939
0.8688088261425337,-0.4718604138288403,-1.3424041030932827,23.7181049324155
-0.2980684530999928,-1.482017804364328,1.4741342459983928,18.133715983170852
-0.25188143361106985,1.022342882632418,0.3718604300721864,-18.567231685248558
0.04539343618995151,0.04465626895524505,-0.2121938331159052,5.178564606327363
0.9015944454818645,0.9571169705995962,-1.9491239187126181,23.298997529114807
-0.878405269096514,0.17150987091259437,-0.3284090743406532,-25.521437629815942
-0.4411974248466364,1.2888151930414058,-0.4832038743937365,-30.590524074889743
1.1354324950646124,-1.2972759973910417,-0.9699068533347178,33.63709471319704
0.16375408674489753,-0.6869035597306505,-0.08583819809670876,22.78172333380016
0.49349009992726756,-1.4674582823935414,1.1660501984969602,45.87922266242926
0.17038884991606576,-0.30619876459946904,-0.892361921181165,-8.657735583090847
-0.025845670064320724,0.3903738821924522,0.23705476874049666,8.08640910087734
-0.14834972285742287,2.5312759418659985,0.32885016969629466,-7.044485461425624
-0.6653723901520373,-0.096552108678376,0.13407659353796175,-33.73821264860398
-1.5908775703387585,1.4233582111962857,-0.7366286906038103,-87.32623636653233
-0.6267476999512341,0.943318483708718,-0.35228954837967635,-36.31180561895082
-1.172224285250716,0.2633066435390925,-0.8845562673389157,-76.03855845524069
-0.46168360210373244,-0.26518409512922225,-0.37186611131423475,-32.556289301457895
0.7508019269047601,-1.0204164710789259,-0.5847470017906585,9.016233622019012
-0.866082938216216,1.694128530451497,0.7681293327815034,-13.764977058434209
1.0342485846293563,0.47982464807497044,-0.27412448242541015,49.42226935723348
-0.035854883773827506,1.052150076921045,-1.7159893236348203,-37.68873969323261
-0.009668122604746449,0.4441642252501767,-0.1380411277034303,-3.972755182910386
1.1696216445650933,-0.23013907099036432,1.3379906615762482,74.40829898131847
-1.6145606247037216,-0.07136099489852751,-0.5490450428683462,-84.23414113126442
0.9275514822556027,-2.2839795730129486,-0.0450370086877329,41.013469737021495
0.8485962702570802,0.17936147803504493,-0.4316883942075839,35.658054665137314
0.584733189780317,0.1872452189204693,-1.1682166935421794,11.830641591130773
-0.055944775413528165,-0.21829499619806833,0.16133892410833206,5.522851749940539
-0.3716029299844943,-1.5783289764332218,1.1888324243617487,10.96273158332593
0.7711477208759299,0.4614493332525492,0.6341272419295522,50.84294418330876
0.6498749280378311,-2.23089369261648,-1.2712995547714432,24.259155819328477
0.23898924176958675,2.2569727036261913,0.13483495575828836,33.3999059450112
0.8135791655179417,0.2672980591877013,-0.14801373787545724,29.761471528520087
-0.08056748280897981,-1.1077650682988383,0.07517644046217624,-3.3099777810391586
-2.499534006496589,0.3655831455640674,0.6228113398232865,-90.44674735130152
0.662494374479339,-0.471361704946085,-0.8049970753966701,40.78369535858938
0.5920939564456607,0.590268954702475,0.9482284050995656,46.84165177643905
-0.049673174166614036,-0.7668714566008279,-1.3454121228202265,-13.814278542636774
-0.28670965415622085,-0.8263822035788669,2.142839045861217,10.432694412318117
-0.5049157133366362,0.9371021479780093,-1.4480862416657132,-43.17008842422222
0.0021778194248087065,0.2770835528341296,0.5606829771218355,13.095484797482385
1.3491982831127398,0.5133384085109196,-0.05675047592512991,60.40471489849712
1.697162574992191,1.5853516398901843,-0.6266929218528405,72.10522233084872
1.203432202951128,1.3207098662901242,-0.9270491709276297,42.708749091208325
-0.6315304652558789,0.47951450749598434,-0.48014518028087766,-28.14412929330652
-0.7203041418077116,1.004795700570618,1.931949021372955,-10.407350306968057
-0.029132007426693484,0.7607643574619475,-0.217435539037512,-13.718090005411382
1.2278905575144277,-1.1185238871744632,1.55865521034186,91.24529261692865
-0.32583332507863455,-0.6690447135910181,-0.21422979362734057,-2.8712885208981014
0.12405841549497172,-0.28196824754812566,-0.4980128488947156,6.815899106135519
0.9453844884915993,-0.1544611544503358,-0.8988341256172497,37.9680104831769
0.12836963186810482,-1.042213738538133,0.818714637854878,29.982417076541743
-0.9900557586050317,-2.124249915880075,1.4231976915718283,-26.06931310521538
-0.16656676205159254,-0.09978689994137487,0.2253648823013862,-0.03444465578082223
1.21966888885305,-0.3953316858973784,-0.09338299091214669,49.109745155618974
-0.28234050033107433,1.0140737343300927,0.2706117291893765,1.0996492353121479
0.5485398212626701,-1.4651797852734487,1.1305572105197805,37.88267092144479
1.6367394609723278,1.5130389108163778,0.5510823600794793,87.44918285676849
-0.46600764267028943,0.5620382900696113,-0.6830592969271368,-36.36962588716967
0.007959206786969049,-1.1848470491951169,1.4008170328083596,0.7793481847492103
-0.1648831917073461,-0.33144590985177136,-0.3369629609993399,-12.721642748554194
0.6774523253171735,-0.6450325034592629,-0.5126699440030396,20.054508820578427
-0.2980358896993528,0.02084959122696988,-0.2874992502197133,-32.17412550768694
1.1477923203188105,1.4189591245233721,-0.26204563283103655,45.257659713928255
-0.6077482730301823,1.6330554893064588,0.26371488337547405,-38.336896942450515
-0.842664495419016,1.3725467722307207,0.6927570208087164,-28.764570618949186
-1.0830555811819342,0.07162514844245664,0.556089129486358,-26.528272792132775
-0.03278306498628805,1.0661855587940645,-0.6691183999499916,-17.360831391092102
0.2755993090259806,-0.17944332788382703,0.0492689810752061,14.796189855055482
0.5241111157325125,0.044639968302591045,0.042211095922502044,19.517488027397306
-0.58156875907092,0.5541909695096395,0.25649294450063315,-18.66145076199587
-1.4557228325917628,0.4644697394845663,-0.3635107348653521,-71.22676041418616
-0.7560139541971298,-0.2702435484282024,1.3665229323486723,-10.57636666238199
0.19559660529281753,-1.0344809466596363,-0.09748126483439223,6.904545739008066
0.13998529168764431,0.05104675937910218,-0.5971210726988445,0.5103175409899743
1.0071653969886945,-0.40150447911298387,-0.7543130589318303,51.777719519720215
-0.28819059463212804,0.25407961819114105,0.06951127134527553,-13.759402328952358
-2.456394446820588,1.696870390357072,0.4036839285122335,-116.2434591875194
0.6145543286110399,0.07770074505192004,0.5769772049276412,46.647448160432724
-0.27705697416237696,-2.557438040185071,-0.21102388988127735,-27.92546152110181
-1.11052022642409,0.8348541815925997,-0.04328759051204549,-61.91232452798921
0.3191982254415426,0.7773194138257844,0.33503409713045035,17.272182722849344
-1.8092196961448856,1.1614280800971284,-1.7512614394324604,-111.98556630062636
-0.21349901091653617,-1.1155285543721944,-0.5027487217291148,-22.807353504814582
0.7850129054741627,0.5956808266862443,0.9322414139830969,55.78583835194307
-0.9026007061512473,-1.828725670736179,-0.14818179964915462,-56.009119311770974
0.23358816581332018,-0.09945186459242289,-0.6211198902942311,15.403336807524948
-0.9993890601161932,-0.17620761093118817,-0.7985815639013557,-56.84924588554837
1.6771657575807053,-0.4745838604874334,-0.14977264860857453,85.02253348241882
-0.3457030699569366,1.4587888576799068,0.6352367418151357,-1.3733344027824215
-0.315216273517348,0.6707551026950436,0.11435988947170748,-15.627783074840085
-1.9051968958330352,1.4020711171224434,0.7445391220360599,-66.40809340120045
0.035230955286754115,0.42402337259549017,-0.8155987914100015,-15.292020929583021
-2.0150365061235784,2.342646370965643,-1.9523141909987272,-117.98303942404581
0.13100456675360891,1.2567046836850466,0.6804277398413279,25.15468578915796
-0.3198164584741419,-0.8207563376039168,0.8641472522088398,-2.5904326953357377
-0.5944980086809432,1.814633835519357,0.8067819484143063,-17.548741726972995
-2.997305038478224,0.36265752726996603,-0.039273242611382035,-145.65104784596917
-1.6064968463747022,0.8347168395587474,0.2754204455650618,-84.14334229332113
1.017828384585481,-0.02169731402688647,0.47026055593952787,37.2207960159527
1.779690144297169,-0.016241341628942356,0.5073674291510114,91.58884857632808
-0.10633502544133362,-0.034758031788785004,-0.6079782072187442,-16.354347763207645
-1.5118855511413036,-1.710445555365764,-0.7738877839950056,-77.06598503767765
0.5106126593769743,0.23755084707309754,0.5710256383260198,46.59606424493573
0.06449933110360137,1.4171940821555409,0.6307816805340448,15.677826012707394
-1.0048508334249444,-0.3387009131179334,-0.3397553678399791,-55.60714594460887
-0.7857496142967525,-0.5453653589218674,-0.03446981361002442,-46.34600416635778
0.30985177933347974,-0.4259478006923197,0.5221472592923545,23.59455194523948
0.9289635765938241,-1.293147738861072,-0.10794441929349567,51.62840674655246
0.5237400017537973,-1.8957861357297436,1.194754892959138,45.93022472064424
-0.7705200563822989,-0.4522860276377764,-0.3849568810011138,-45.3057728286031
-0.5904254719275078,0.41963064663520894,0.5264657123329373,-34.8706267903663
1.76299350719112,0.2785745311399347,1.0665441297890392,96.18317866282833
1.936621745765911,0.3058012152510551,0.3064452163090501,100.2373755765369
-0.16539555623695615,0.3150453505188976,0.3218609226210959,5.529886211365783
-2.7526518909007454,-0.15073639223750598,1.3222864893795907,-106.0195931052838
0.2922992281295952,-0.07460551356816265,0.5264588383334216,40.56484884886895
-0.39089034192023026,-0.37667790754239644,0.5282408016341439,4.3569071366433825
-0.23635051068050453,0.7306081848605964,-0.6759779838442606,-23.20198275323507
1.0420320415151092,-0.44201616038894026,0.3357531385651175,79.1043431201149
0.5224245730638023,-0.7301409246159173,-0.7928235955232028,14.869409036516128
-0.4327106833487929,0.8119213559256447,0.02825833191026634,-28.213115085713987
-1.168191550444167,0.2929004903976745,1.3043520164544524,-48.502149762538416
-0.09421359521218785,-1.2900318138005389,-1.635545825079717,-29.067263538805392
-0.3011121828823527,1.6778108216265906,-2.0527826907669002,-39.8711753824438
0.35969259832812106,-1.154068771106108,-1.2918788951725921,-5.636847154655563
-0.6473070867591576,-0.34416614329560485,0.018360218223878715,-45.15761768325601
0.3275492142337271,-0.8670721159194461,0.35845884162194075,9.73127409417146
0.5908224687831377,0.2695117500822615,-1.0369876018064041,20.384240075041124
0.04421657570001303,0.64603457546597,0.6951953628343952,19.65894674350327
-0.9335975921022946,1.283877160090241,0.39220970027658864,-35.97891376879534
1.7313340264830308,-0.3248602607735982,0.3652525832289253,76.71399299369884
0.5502380521562722,0.9489899065286362,-0.6972753222949366,11.307498046405698
0.31360232290178697,-1.3255845519704328,1.624838166811146,57.54885289437148
2.1963700851359986,-1.9811739327850062,0.7881870058123641,124.97513775437999
0.5859991760518823,-0.07869595055031793,0.9593994981524758,36.77310287664373
0.8033188046033142,-0.7509093169548158,0.9017423976649196,55.250350600665016
0.2985342336687557,-0.09872705534178891,-0.40655935025710394,22.24374111554627
-0.7790738616910855,-1.6712777009179864,0.04582964756897026,-38.60160427657719
0.49774739258950873,-0.5994933830230014,0.2219616234169033,28.303446432762694
1.3621517117864672,0.06942823182030579,-0.5071424072855124,42.489478902369285
0.04877669144873347,-0.3529088606381569,-0.926260752287214,2.597551365247858
-1.2825095418140067,0.6623361069482356,0.15328531998236158,-58.229691984049886
-0.07155826997316768,-0.5271363548467757,0.42920630809604915,7.679182999931101
-0.2702476610495724,1.7124603707263661,-1.6241401954944907,-34.95214483294401
0.4610424373351658,-0.7764403371549798,-0.08567217159952085,11.936570741041793
0.6663718726814541,-0.606263743448172,1.097768183799314,38.18425492042273
2.4531760561629805,0.813464038976317,0.14993330157827459,123.86440285295947
-1.1140585183606233,-0.8923669725652086,0.3259956287411311,-47.94194805339733
-0.7929460388962251,-0.6427601264880715,-0.2281292071078299,-46.24730498368595
-0.08857313768813022,0.6834001914878993,0.43833666395001303,4.291958236723005
1.7232643510235752,-1.9494525985660294,-0.8038857247809832,75.25122795495204
0.10289040903293871,0.3333323148311177,-0.6005760461653619,-3.928608557573245
1.1654695759864928,-0.3756554326700584,0.08944323307228405,47.535980682660416
2.3091662966299125,0.264405777058201,-0.08689090711443032,92.61260901094154
-0.7101312360442081,1.22148625848438,0.6215502979010973,-15.973464363323448
1.3969345513221436,0.40845976506431114,1.302425303706809,95.12389912323427
0.8391676539121578,-0.2838444207146127,0.6357335146348403,55.06660042119573
0.2946608782591026,-1.205166279888155,0.3173586073188514,20.607285279940985
0.6912432385745386,-1.0631831366380953,-0.15501238919462887,37.98615856102331
-0.05975428717914584,0.391710814505531,0.15645547906866253,-3.6856053251360033
0.31972160282965173,-0.14647886378534378,-0.43035473276851816,7.36757587205884
-0.6237365518801561,-0.060910029734341,1.5233332760369251,-8.165320315946369
-0.8275786392063229,1.2283861887888614,0.5346570653340382,-34.59203509824724
-0.6351496512734008,-0.04454977562078562,-0.5088643547434701,-26.04228219014078
0.9927185293858063,-1.3344417835132825,-0.33586302010976476,52.641529248341605
-1.3003461709540134,0.9898237055350156,1.5185118788747622,-24.769191710353986
-0.9217217325935964,0.35968266851208713,1.8052402509752183,-32.63415131508303
1.25711155911404,-1.3495238143968693,-1.0806019426581768,65.18720627530195
-1.314620990294183,1.1880057224955938,0.08606291728109547,-56.80526480402322
-0.12658103642717702,-0.8154636374944495,-1.136508628939335,-0.10773437899680616
-0.7311801491988206,1.7431906906667267,0.8399959103773681,-7.756762942448001
-0.13369485486609106,0.09289189896524234,-0.37825627026049863,-23.016080600845473
1.8916260908129587,0.9672039995978997,-0.5763396187949897,82.29938004593212
-0.019110198079852536,1.3246553905890597,0.3036351274340853,17.056305131907987
-0.631070516731704,1.51636068499775,-2.071636904282454,-41.32551025112674
-0.8722703186170254,-0.7248564433549451,3.2361559867078897,9.201583708939513
1.6096634008746737,-1.893197773613281,0.8436091301578924,66.42678585282141
-0.40815501262587767,1.7154697517783746,-1.4711910774804904,-18.898633867276313
0.48788332788968386,1.226645658818123,-1.2087701934318502,-2.22418391377383
-1.0257816644619453,0.7380498710826676,0.9523355689070716,-30.983103692658958
0.1086475150376268,1.3840165060764402,0.6054331175902705,-7.610136206113081
-0.5107573993947233,0.6583181266603724,0.15108868691312427,-28.532399533778637
1.1416117619593962,-1.2668123704264505,-1.4201231181969587,22.638391116899506
-1.4630026510156695,-0.7548125938214496,0.2876591817599924,-59.32008676261055
-0.19677786248875892,-2.1866381681179914,-1.895766963588201,-47.272929580697976
-1.235976694742284,-0.21468916084738027,0.38932436227026435,-38.12284010647617
0.4616371771083446,-0.22494002333570126,1.0347785895208748,40.52236239780377
-0.770613294238687,-0.17884185500364233,-0.7194712832418098,-48.50253984063165
0.8497696564324914,-0.6610103057677333,0.2090500653387244,29.04999881605824
-2.367407943240528,-0.02302231369002007,-1.2869089372356362,-111.23183730846497
-0.5408830069221758,1.6011789184433283,-1.2695860599045523,-42.362369661017794
0.5660111321326421,-2.6345843491911305,0.9375441166005778,29.40536367461909
0.45116835630777913,-0.6864179910244914,0.30080517255528477,35.40026332366294
1.2112352091977232,-0.7905996494127007,1.0982366148582121,49.695483989922536
-0.4725153016685441,0.5119209360464032,0.3188872730511395,-37.15449475115997
0.023244152710040895,-0.1932565598593357,-0.12570837358459352,11.393265968020607
-0.6398429505341159,-0.566038617268049,-0.41300363421734865,-19.149098261190886
0.09080419048519635,-0.6420454722708661,-0.1313040970982238,11.982267010031167
0.5035618664352667,0.20000038869754813,-1.315508216328917,8.33606958634861
-0.5590575762517443,0.20048171037285403,-2.254467591437006,-63.465557378421394
-1.6491072499491932,-1.5540098238741673,-1.272548483690711,-96.4803626692865
-1.0868408055609085,-0.08512359846881457,-0.10197491219838055,-53.22645157286398
0.4097460008360538,-1.427861023656433,0.4995616792397266,28.41164470094972
0.30650644924509535,-0.23758602217828784,-0.547509950647267,3.4125628298605006
-0.5481260856806014,-0.7836246654433405,-0.16619814311170614,-20.191696816952863
-0.2870741732693164,1.0162025727061963,0.6918352581403339,16.676912981869492
-0.4711782751253442,0.744617177108159,0.37029936015961334,-17.544669414950246
-1.340936618754556,1.2880245087478088,-1.1491683953067795,-78.3791656601127
-2.3593041653445344,-0.44887720355050376,-0.1648935470906919,-122.31489266733068
-0.5144115596964491,-0.310753900963254,-0.43354512230104236,-42.33393153444419
-1.1736291287040344,0.61832811614672,-0.0010316959024981402,-53.22242306738189
-1.2643871617998355,0.4777931274684869,-0.6900762394238367,-85.71608815808716
-1.2497179386355945,0.9771830124718258,0.497202626971697,-51.775962983564696
-2.2908583300897614,-0.23837819234915966,-0.6638594518914973,-125.94852497541336
-2.1108743344979253,-0.0487502621138271,0.5665044850420433,-108.68891061837793
1.2429504870385106,-0.3575122818821893,2.065631485276647,85.37042709758656
-1.440959999602984,-1.6020467911282026,0.9485296777565774,-64.29768247520539
0.6759689391757362,0.1333473395409232,0.5842099658702007,27.809594081395627
0.37951175592901804,0.32516501143966753,0.16693864910013342,26.897784488244262
-1.095618004742539,1.7129502393094447,0.01738704165988391,-62.06647187091525
-1.7379525342220625,-0.30128238189452267,1.5939469485637299,-60.91506567757315
0.19968957567255016,0.9189474629209796,-0.7558890221704547,6.941505423427962
-0.6308668674958271,-0.37013558380890255,1.6049623038322183,-1.2138448191621398
-1.1421173666968745,1.3901609237234258,-0.8007179917034053,-58.92124125613038
-0.7237329918284517,1.148615850161661,0.46602739387296505,-30.055767338477246
0.8100464178162454,1.5284415974725385,-0.14257454233435676,35.453637510340705
0.8614619725144034,-0.5329104495435907,-1.2466879880494688,25.758036419159804
-0.10710295639269758,2.36123093699146,-1.7468209433206578,-55.059283930312084
-0.08297555266411435,-0.22120539454992655,-0.4439567066611895,-38.2964393068834
-1.2587775977232314,1.3157468287004093,-1.3242178902598418,-80.74831033474264
-0.48329944592695123,-0.9984363086045623,0.40554658319684095,-2.6700784039218846
-0.8882876483078289,-0.055551302461368704,-1.1922586742473607,-71.9674206934957
-0.7704662053540936,0.48880660762148537,-1.4069436881891708,-44.277979122922595
-1.0605243333362027,-0.19987320946071213,1.0891403457676292,-27.480785860374866
1.6512306456082984,0.28850184945750457,-1.0531339000095026,64.49502391110882
-0.2390640923400625,1.1628419709130409,0.881875791182971,8.173355994117951
0.18274302479229707,0.6335349341068726,-2.7962425778182904,-49.73287658410389
-0.25801505817777526,-0.6004907069662064,0.8088416404888811,0.5037268036289431
-0.3674707408073771,1.1526096603825429,0.9178581303814127,-9.386032390304232
1.8846316852259812,-0.3051396443675343,-0.9495692543218114,82.67564975391669
0.7807977726684312,0.5884738534917582,-0.23806028220061304,33.67786666749307
-0.6822611994888503,0.18529144892950133,0.5951373387081265,-22.59440791952658
-0.3160866778733074,-0.7053156311680445,1.0275566866938768,6.711582828692754
0.05736803355188935,-0.8345278995863517,0.24941159698942617,10.082931314873349
0.8372059050993074,-0.24581269571745556,-1.2111361798069236,-0.6694782079963204
0.24482494738164642,0.6298708086410275,-1.84439391946325,-16.161879137221277
0.11217879236742051,0.5542210129792247,0.8198032575065382,21.445139561290713
0.700851642517879,-2.4042102994497925,-0.4509587381238016,11.492446047637214
-1.4262350835376305,-1.058231923509052,0.8137100057784515,-54.791213311737266
0.6943852768075078,-1.380529989032542,-0.2172775124918695,41.61397828045943
0.763898330675768,0.058584820151579536,-0.5871769213947942,25.52623171404274
-1.3568181806388813,0.31791105224313887,-0.9607765399595982,-71.80485334695925
-0.7284533999728956,0.05806539920978417,0.953088026935681,-20.24752090702186
1.5928704258398756,-0.6262864034279747,0.3639052440828971,75.92223522149258
-0.1513173785477685,-1.0806775310943304,0.004127755381272006,-23.155055363120283
-0.8750857854982728,0.5731715163699636,-0.5049655027486435,-63.922642640778264
-0.32274978344602473,0.03178779847991952,-3.70294438662296,-61.76364931526004
-2.0470674393378254,1.6279535580599434,-0.2260626440162484,-80.7678575315695
2.172214748574262,0.05586140813917881,-1.7050090458577263,79.00130938905096
-0.570649013871251,0.5705033080064635,-0.23180016219177244,-21.488716418859656
-2.5148613484357387,-0.29451652610089946,-1.6356200888005796,-158.02982350005553
0.5195923334228199,-0.034793357338959184,-0.06335481902385438,29.80615053998497
-0.26598911048394186,1.746613620356748,-1.6974740236457664,-38.53669237890353
0.3670391819769417,1.2471395700257384,0.5520573585472672,23.070892337355158
0.15596123518343585,-0.46202011385904423,-1.006685905485885,-2.687406617570881
-0.07775877020260824,-0.2239675679564626,0.24874430182147855,-16.353514993271222
-1.514201960814097,-1.062436326468875,-0.654974499922622,-79.9721067870991
-0.8843030303606666,-0.52594858355679,0.3897386409075026,-20.61775949967661
2.12596821675458,-1.5529678170639198,-1.0360381310741307,95.2392954507197
-0.34560774653888154,-0.29151278701926703,-0.6557575950487183,-21.262746615315578
0.5161729343498034,-0.7946105825568031,0.08930396257340598,22.324758688726497
1.225426498438233,0.5693496976488038,0.09691827717155935,53.57130836294343
-0.03971523214869444,0.42359988481496497,0.7720417315753769,8.167848024458085
-0.29387184863920957,-0.669304124491556,-1.8241070762258078,-44.27050247834432
-0.5830485315196373,-0.04498468353586771,0.10336007443081767,-33.59340343953979
-0.8889251936394068,-0.6970774865068928,-0.5813246861796995,-53.64366505274076
-0.7719382290231654,1.631068190828065,-1.615865925819488,-51.198812219773046
0.8594378739113134,-2.6140049441541975,-0.27191992228511247,45.500840875283586
0.568910021215388,-1.0337432882650948,0.1300554357158643,28.68126529122681
0.4295547400909503,-0.07238807514433236,-0.6599544351818333,3.3484711429440974
0.48758676700411363,0.17022245620558527,-1.8985149952602733,4.3658984659625215
-1.5949921203609037,-0.693002832680566,-0.5058117121645951,-93.24443376482682
-0.4959383050189965,0.6376745293831255,1.8943065688755103,4.529994373406149
1.2736593758945083,0.24099409275826875,0.026943744048066532,56.64334680473699
-0.211298469366436,1.4293143135732942,0.879075844579558,10.576945485974502
-1.042863176460708,1.3128633523461744,-0.1429765701475853,-44.37562593408588
-1.5129034869323492,1.4942255835371014,-1.632770494791973,-99.80691310466595
0.3580289565749044,-0.8001465545435064,0.1351689281077506,24.41051571277172
0.29889127095159507,-0.9360110694826143,2.357296702375527,47.17649925394187
0.6149594349269831,-1.3573252422239293,2.01361192180129,51.4047831553023
1.0627073420932727,-1.8868583778607801,0.9215772934397506,61.60540934691105
-1.5365049479091857,-0.30185545587836854,-1.6391504137971975,-69.27067784886117
-1.0980283748629047,0.6841057118673269,-0.9358784182004347,-64.2097991053529
-1.106794866634914,0.022765108711112526,0.386380248125637,-29.01482107970716
0.7081205804250607,2.824614836444124,0.5046036237485528,36.595702006618964
-0.10679892199806792,-0.32298870078526365,2.0839718631524318,26.665008547572572
-0.5274365705769944,2.457923097027832,-0.8656649685171871,-23.193050656548255
1.702642251049899,0.8809165719367619,-1.1746911207840771,61.95269467875273
-2.0162137492729557,0.8758718564291006,1.0751667634769173,-86.97232527175376
-0.34204097009112233,0.9965653896254103,1.2102825686792047,-9.715661438412267
0.3637174085734058,1.3177566552898157,1.553830049178884,41.58448607738698
0.11628124185214726,-0.4861354678179525,1.8113590749781951,43.42010296678549
0.28011280229388813,-0.37208297643719496,0.09830568396495094,1.0689200325063553
-2.242232165940687,-0.596254315135366,-1.2427762800803932,-152.58258713686732
0.20075921702543456,0.10949146237876918,0.9426629050197021,18.060253343668904
1.0904315292613915,0.8868413711550431,1.862448988982767,69.6360403067652
-0.024227748222298152,-0.5619089468418557,0.003022023072922886,-4.814949398729127
-1.5367856841697813,-0.7064050110688209,1.0448955729086515,-63.78365968620491
0.8429183392346665,-0.8724598788378598,-1.3355904214950434,27.003184442477764
1.889582514396683,0.2984545053920213,0.2035449144008388,91.16859812011757
0.8281029149165975,-0.9374269287159926,-0.1753536084282632,39.53382913604558
-2.1891531960023896,-0.6259114370021761,0.5797754912833932,-105.0905901449855
0.24990602476508672,-0.14940647329554735,0.6377884410999309,17.135653386139154
-1.2408991107262928,1.3315105871134534,2.2477629608730463,-29.07756088278535
0.2412981312364326,2.0979154657244514,0.5213327803625322,24.369955606262067
0.7963182461532468,0.012559293277133801,-0.7363648813616767,28.554210629584443
0.5140593246763456,0.8501474836625648,1.353637889462618,38.24675368878417
-0.3745822835224614,1.3638778197583714,-0.12299458527121185,-37.54766475200691
-1.2639034400304094,0.12442116474843246,0.22648656699964764,-44.270048661123504
-0.7146217050089916,2.5138039293711256,-0.6142252210691252,-54.68491239073195
1.259451509096341,-1.5031345107515517,0.727433551965077,75.75807585323538
0.20530292629337712,-0.7206535666246261,-0.9653381938754992,-17.064759414686673
-0.12435020283686529,-1.1050243009716658,-2.589859405806513,-53.97681031951185
0.008568318618291026,0.9325841334305565,0.149795847490194,19.227954140353805
-0.3921449727604857,0.37969756901443535,1.5674061700753608,1.139492863876454
0.8668150675079437,0.45261888087661634,-0.0567610002855727,34.18811692292382
-0.1229585517583418,-0.7086496938288516,-0.421974334092588,-10.084256320033266
-0.079399187562128,-0.28678717427341116,-1.9815880833685524,-24.38224466458245
0.1764366710906394,0.18413820161919722,-0.602305768671593,7.4213852568936325
-0.5619433975760215,-1.6607011447316222,0.6966088480366038,-5.366095837718605
-0.5894953099548231,-0.6667773097919857,-0.8413397505838088,-36.3799183628691
-1.330711320179414,-1.5685348032998991,0.026375515862017848,-43.607200783334356
-0.4611144623497177,0.04482092762058165,-0.49401209222338394,-42.02605230118459
0.07386839795604885,0.5186816294005745,-1.2662866655261464,-20.349718375112474
-0.9654393496343434,0.042003996152574365,1.1114402594071446,-17.63163297948167
0.9182218541736035,-1.2243095670381439,-0.11746412127792294,25.885400082142937
-0.6508105953736124,-0.0609122941224951,-0.8934664307512477,-51.99195588506265
0.8969087740704962,0.6542751713957148,-0.21746642227768126,32.14150438131316
-0.3178894462748551,-3.310798234507922,-0.9409774446079836,-34.25110457450479
1.1679327697305322,0.9380319251178887,-0.7203203499865036,59.75315080506422
-1.8973934010555604,-0.6862037417246034,1.2918137084567787,-58.27610683113324
1.663675759670698,-0.9365373783819839,1.0084689222707688,104.87385186609849
2.057238509712945,0.3271151558689575,1.7171739599833682,130.85289961931593
0.20676528396330443,1.1395050193419158,-0.649017081705313,-3.9536535270209727
-1.019788486013164,-2.3064453712670985,0.3673055405715293,-36.21332864563829
1.967726153705963,-0.6064166927098072,0.21045610693233802,89.9433847290177
-1.9255297226506063,0.02033365517982539,-1.2683162448786203,-105.72167683053718
-1.0100901809539546,0.8596697940531179,-0.7707586025291184,-70.7111896502564
-0.6600116206551859,0.33163426153112463,0.49113230946510733,-30.58950704736714
1.0004791165791782,-0.3095709777224626,-0.3781684032308699,21.778056253455738
-0.300933872340146,0.4728066183036566,-0.06975333499458004,-13.451073503162666
-1.490112488313004,1.6254395305810996,-0.7959427476127475,-90.57464640988866
0.020498963190904586,0.04276161902542197,1.309750573478273,5.279015290337799
-0.4342211968228813,1.1318800567081948,0.39973957445908764,-10.709519962784917
0.16760012839381522,0.779901401000524,1.0830605164563654,38.56303288650703
-0.12014085571324515,-0.7563797362947391,-1.0558432236363744,-4.429092129804033
-0.23736195925647186,0.7302284604573462,0.8397066039196789,-3.336641825691185
-0.865979544908242,-0.8842970171902614,0.6378883919656556,-35.13477350483645
0.20951099742879606,-0.2424000847864226,-1.3968613239071104,-7.560186223873356
-1.2382862382865956,-1.5374874717086344,-1.1727551802035738,-61.26440765819143
0.8628884675290548,-0.564133809628025,-0.32847268460401013,40.42354679728918
1.5994479156924755,0.09543005804614502,0.47282883189788666,95.93407903026682
-1.7397937237435839,-0.7443221604319457,0.34623160776594797,-70.86175626952108
-0.34824525688195734,1.468141532770043,-0.02336217292107033,-33.14530506140923
0.07581773191675345,-0.004638361563754515,-0.4197423945375245,5.527442824924204
-0.5726239928306666,-1.5755548849372463,-0.07770408099577304,-27.285475200383143
0.4662942053452916,-0.3495051962447968,-0.9793688866447694,9.999929310136723
-1.2419583135747,0.8105345838057307,0.05658164520574135,-51.57554219646498
0.3576106561407265,0.3625274087713697,0.0665673276144522,33.242637211317074
-0.796220025385197,1.1021553053260535,1.047356232286553,-21.643963451647906
-0.43574419965062394,0.31359582219532833,0.5899285733452927,-3.7507097265383997
0.13249809979684024,1.6500546970446417,-0.1071237264026539,10.252000882326158
-0.6911159336057526,0.5724679248027716,-0.4888426897753913,-56.43539300837987
1.8707187400208245,-0.4184497110017654,-0.028858761717819252,87.1907607907642
-0.8923275698886712,-0.3234245145938664,0.6209384098615389,-37.17989688034844
-1.6217680143278552,-0.6908985642564331,-1.2431094194449592,-106.60721464691701
-0.5448946745128649,-0.5263826208927274,-0.17049872819197923,-26.656152014615397
-0.1621444897549481,0.3148384264260779,0.0289899078175809,-15.093475238145214
-0.251808323087001,-1.0026865723679954,-1.905020996332464,-32.60250110877923
-0.4154216256162856,-0.5166969798814035,0.11523666990531385,1.256780371218717
1.7686633918727308,-0.050363582550695535,0.7424203300772674,92.32129856579782
0.41105655170185557,1.4707033287318594,1.760131582512118,45.03936408624334
0.9552934638259327,-0.18783949692583546,0.09378938007575355,57.770412482557376
0.8210249862799982,0.9653841691043333,-1.0770667889955863,8.933815064150833
0.09403621199293503,1.0881717389305334,1.3686852593926224,31.184301578864616
0.2526470683460311,-1.2877019698245245,-0.4315351860227592,7.024911656360755
1.1216618583432574,-0.4714013921147461,0.6291268557643054,62.98826156711832
1.1625551940929648,-1.3402127684711045,0.7024495920377907,94.57730711292656
0.9470563941016615,0.5872323559226421,1.4254416909972523,76.40271790701513
1.036118986189869,0.5188760619898922,0.7632571368996255,68.28634729573321
0.37887540429716604,0.7801284500407031,0.2983308565374298,34.01750145142984
0.7399530727507101,-0.4656769075292018,-0.16423155545016802,29.26821226648553
1.2496709816820268,-1.1951736645136404,1.2194179210496867,83.82373450312103
-0.11185769241928319,0.163038757293401,-0.6596021256818314,-9.09758294134296
-0.3796457126848103,-0.5859222618550312,-0.6630068699126589,-26.655941254610664
-0.34753343501136247,-0.007875664347886863,0.5356724962529228,-16.946252301730066
-0.7391299573197566,-1.0008253296919116,0.5538033708050396,-17.082218649059943
0.9246029357535153,-0.3967993586332762,-0.4469175722198142,43.52610423565003
-0.6436780521673339,-1.180001585116228,-0.23570097808118928,-29.77779331404789
0.5962442419320388,0.5794920483161194,0.7490302290939497,53.23127848537898
-0.03956149221037779,-0.5486206592063712,-2.2212208092201693,-38.96459231949002
-0.06576710086609633,-0.8189130745526494,0.7061613635526653,-7.888945155381366
-0.7603473358625279,-1.3658640019273307,0.5073228774549835,-26.223494444546933
0.8789592213856875,-0.1043216999871073,-0.21645763413087316,30.081980772480545
0.1572682449451175,0.1343364180110122,2.9291938790591585,67.6392219759396
0.743499685259151,-1.0072061977215956,0.3178020889304513,19.51827998076417
-0.9296787893934955,-0.8122160630949486,2.2857569012076966,3.35345590116877
-0.7048075750982913,0.5638996867049291,-0.6115644405229531,-59.03475538746121
0.5796116550061842,0.24899432652541975,0.36294597414919627,20.12612064316385
-0.06409026832773908,0.4149336296506275,0.883686160259142,9.866231797662829
1.2706878638559085,-2.5163939494000416,-0.27329564200619283,55.53647087489445
-0.8231696484862842,1.3679533924433558,-0.21035511038592947,-41.26612636891605
-0.467079492190751,0.6440195641721553,1.2789452277431061,9.934024655231688
1.2278958688723933,-1.631538911791296,0.6031316732492475,56.70780014409834
0.270318487683591,1.260506615872961,1.7073312244562888,26.485152823752596
0.5880187056958579,0.48594397436088616,-0.4238688203483556,6.0473809763754325
-0.26341545617354,1.1763141830004753,0.8043054919684487,13.913824109788248
-0.7705378760503699,-0.8733018535885146,-2.653576853128088,-85.63948666079787
2.0310304379703843,0.5066743146795276,1.4654322631708634,110.07285073148756
0.2802980618635008,0.06032918043935634,0.45312092524680886,8.98567575792699
0.7786944076158234,1.3099527498043446,-2.050063686894562,8.87665551506519
0.08364253816001378,0.7376849904861584,0.7319998693363509,7.549022688118214
0.1377113075068257,0.8928468421289473,0.21094101174092725,-6.377620798728046
-0.2939873479675457,0.010981679610869068,-0.9211256959893498,-25.664506226723805
1.9364728626957366,0.4369389453267111,-0.5285268594268302,87.82609146552898
1.838066409923926,0.9347397641061757,0.4331212989876078,86.77273922247852
1.4570709208806178,1.6694030592673763,0.5167247098240692,71.87147946146226
-0.8099627531992589,-0.4691581829931211,0.33476782983247727,-31.859711546028944
0.009882091682228084,0.12679430788149956,1.7573671732004832,33.51680498722667
0.1711749127586492,-0.6876955326723293,-0.7184652022666236,16.343489828490952
-0.5959287801515879,0.7586510770677165,-0.8002901429350276,-30.27931601123246
-0.10611006929490731,-1.157712985274366,-0.9744866833317466,-24.12770958669361
-0.08992374928891259,-0.4999034286015629,-1.4303247645011317,-30.311043548651927
-2.1115010606455993,0.16595426679274644,-0.471353698758464,-91.46098365522005
0.2451363217384017,0.46001092303003316,-0.7693805168239913,4.582779308450626
-1.1016362015472274,1.3477203288653827,-0.46467662768359275,-51.04608238645266
0.461660919056004,-0.5350903044318464,-0.3900469118135072,13.781816832832533
-0.9093891400500901,2.7167796360748775,-1.0282354634464257,-58.118299658064444
2.1442352040567427,-1.1341454627672927,-1.7391813850794882,95.51900621166999
-0.8554681868849813,-1.0497352429778022,-0.7306079124500974,-59.31117305927306
1.4516539245051017,-0.6185420595482626,-0.8593656899051157,58.4487985714071
1.1443507353035338,-3.8041421386113052,-0.1907839182708652,64.67064280991346
-0.2776398415638429,2.2641452129968256,-0.2901790215871534,-40.25850495928366
1.2551418481135503,-1.2636540894085242,0.8114339704325332,79.21362181009138
0.5359637492888619,-0.47647366971327193,-0.030446714799439244,14.172112121108045
-1.9570945687207548,1.2780595292213106,-0.06963238306684708,-73.67704242569967
-0.004168890385966959,0.8458479410609631,0.642214263525924,1.531005357256051
1.0999960604816161,1.0556117821209425,-1.047491083405714,38.59957155298186
0.04772833963759867,-0.09532336246942888,-0.25382180652095004,-12.22439525039373
-0.8466479758198144,-0.2936619496351326,-1.0387447546580495,-54.8142326429227
-0.23844663785189674,-0.5008488800523876,-1.1139307757577726,-33.10914922362742
0.4562810636894263,-0.8243108413419568,0.2855404195258323,24.011906604314312
-2.1072358461438934,-0.0697931032785299,0.15820826348632297,-97.09507633558772
0.34124912472520597,-0.6584963758670942,0.7849284026886605,0.1509178658838799
1.4431726613506373,0.8749626987259934,-0.20288279338748025,60.87172796143244
-0.9882756639151443,0.44249961811946886,0.5104361890756054,-26.912201282241234
-0.04281633388506324,0.05164442108763914,0.06449126218565952,-3.868730979213555
1.2802066821294162,0.19960818394513719,-1.0116477094227443,51.31066245447355
0.6179068286550171,-0.6191246558240469,-0.1589594208067999,30.750548648502345
2.0058216600241003,-0.8235449364059031,0.08185792156486234,106.3257720431369
-0.12084650381686513,0.30500142098115435,-0.3112393141966372,-27.98686693899053
0.24664452954794852,-1.8770910686914672,-0.7636157822853399,-11.671015849804933
1.7735197578619084,-0.33690959590983366,0.6203561462267473,92.55521934457359
-0.5229058310261895,-0.0384307337076398,-0.5187361479866277,-31.378592678261402
-1.0323691192041657,-0.15388561484460636,-0.2856278695594688,-56.096662835180744
0.17517806940383335,-0.661115438944582,-1.2229235612810248,-5.633113901702092
-0.7089182176096053,0.3105200521627697,0.0707041174276594,-51.110756481681264
0.732072798975227,-1.2567391867288065,1.0121911199632578,34.682326886851044
1.681921369045491,0.7188264204182775,-0.7541522889668549,32.44983149796996
1.6676026214971806,1.5015464441397355,0.6681114888810955,93.3610212288344
0.87803988669197,-1.183621407688753,0.9559146264231766,58.79252339902627
-0.43933100748271137,-0.09016236516567565,0.3649599619644995,-7.681583568770594
0.32724668878852936,-1.3099620020506413,-0.4438655570862056,4.537437407487128
0.1811760628049522,0.23580765734469203,-0.6638152432953057,8.043103036817165
-0.7949410329719506,-0.04715950748264494,0.21915872863192817,-23.611388554662767
0.727733836059529,-0.3534052326787484,0.7285038389413425,50.99981124677644
-0.059037068325206755,1.0674524169688866,-0.6329070792684182,-8.554011587263538
0.4178212580204136,-1.0670155680826536,1.4210147137165319,36.84868306697175
-1.0261329598809255,1.5659676144979944,0.6344892554649868,-50.69723554179288
0.4189991961991201,0.16642298055176935,0.6095725416310724,33.81032315941138
-1.0395060056248095,0.3902587020977763,0.44373892738921245,-40.36118659602255
0.4250781903022415,0.6230650836977489,-0.10906698534314771,20.840354406948652
-0.2113394411252728,-1.059934418344483,-0.297694728074892,8.720205625384473
0.4017067257812159,0.17305288521794518,-0.9051237925168021,2.970438129159258
-1.3594946198413695,0.2698056166069682,0.32466723096135275,-56.40747355587754
0.3861939875341626,-1.0703120926705,-0.7493006938453479,5.329708866996317
0.045565547096165414,1.8935055330700512,1.4480251316724273,20.45609083018823
-1.229348705025708,-1.2451172609552037,-0.04345108745498131,-47.63675164402781
-1.5036450170794144,1.4140108877192556,-0.5342966519508668,-92.81887833468186
-0.4483024897991443,-1.1737395981920915,0.6827557337628716,-12.462927911711297
-0.19426256718872878,-0.5099379344019713,0.012354859892934424,-4.992609913393336
1.6912918780242399,0.5222027477145774,1.7736762541783073,120.81800912470148
-1.2436277611126516,-0.18531711972148096,2.5085131077690166,-28.0646745805173
-0.43675191564783034,-1.9581990653885128,-0.9690943682481822,-51.24959257025917
1.2660383260457522,0.38198766692356445,-1.7211626885189082,29.11505831213961
0.18933802454059595,1.2833030776992531,0.09550855770166998,7.864698503483475
-0.535836542232949,0.7809137630409883,-0.5473197978127556,-25.525597336893192
0.22636214874727364,-1.6757416265175773,-0.15433356044034244,5.900624745472468
-1.1339856532766774,-1.2941521511055267,-1.4555086042746757,-65.96601872939976
1.3590680563872495,0.9404704701985402,0.7847474068653819,83.02689698618347
0.7353257493491613,1.2171393690401286,-0.43060965547518076,28.695199760892795
-0.11590380064383911,0.7413616250450019,1.42170217804168,33.429418959093965
-0.9540805314557624,0.2995021557489295,1.0454657759694599,-36.898363789825936
-0.9160369904853276,-0.5389287361062352,1.455346428572776,-12.028232513621356
1.9871690251937943,0.5919620782993689,0.09383433962177494,95.72620184758846
1.433963427947681,-0.0811204852386323,0.8581469177916851,69.36831149418461
0.036676109328790674,-1.360241306896442,0.5601613436752441,7.489556789003187
-0.20027230154832412,0.6553705420073831,-0.26464750011863236,-2.354982022351882
-1.62321379786092,-1.0028157854354094,0.6597806622956697,-59.260838376832304
-0.1984654316444239,1.9750856131833152,-0.09405456727753261,-17.755604717742962
0.39897461510966964,0.4632108622037185,0.2737548579748604,29.914696403080917
0.06392815187232789,3.106521953810184,-0.6656252939465073,-7.881725550234994
-0.13386551080946874,-2.0683880509919184,-0.6303957154265298,-7.272083261862642
-0.9027553250271503,1.4708122931276277,1.0763606701360655,-33.002577815360496
-0.4271337832123981,-0.6962990993487531,2.089092588410325,-2.114830475462096
-1.3172002617712195,0.6204824559668891,0.6103298388011391,-45.221227975147904
-0.20862296879774148,-0.4679319551172239,-0.7642292172393038,-23.636645567792996
-0.9960541031361128,-1.0347069285678279,2.334275308755822,-25.789131451928586
-1.4009379820715129,0.011645207096836684,1.4189916496213972,-42.00760023465347
-0.5303951840282308,0.09292607470636632,0.8954367140458059,-1.498879662056531
0.8674348149021254,-0.6543778055399043,-1.3015471945742836,16.5301734305408
-0.37819998108117486,0.5559030137540659,1.2619855225511356,-2.421699233642433
-1.886002714355109,1.098585619118175,0.8521412003897902,-63.67357826068214
0.2111583423154272,0.43148058933906724,1.041857948384305,14.9912956374388
-0.19255553355919391,0.22392734082197574,-0.12612498226599408,-7.668235200236703
-0.7699062059851832,0.4665188410476029,-0.04008378208332352,-28.161676998346287
1.0182579551938706,-0.7482006573530138,1.4814262796163933,84.79564580268836
-0.35020456657731425,0.3372209611627105,0.06595456745129168,-11.738214782522293
-0.111995956418859,-0.21784067359164602,-0.37657958944150544,-11.357465132509184
0.7908742344603572,-0.6155572683191345,0.9339424116965112,43.64001735588418
-0.268546952361473,1.0127178935278114,-1.0809553058265753,-20.631118436542586
-0.2061681958902446,-0.298296218633084,-1.9915310107002147,-31.004556430867012
-0.9595766668278889,0.28423929242636614,-1.4292407302608579,-63.587125614471184
-0.05446361233749771,0.3466470259584332,0.674308066353492,-2.1663257397511693
-0.1730500763768692,-1.793012168010257,-0.06162279547834885,-12.67854673188431
0.4458109359332899,-0.2749258852798884,0.7951129676151794,40.04000308820703
-1.7164532407306619,1.2737757744041067,-0.3958504784847716,-110.54063042947864
1.7942660362151037,0.028218049054320182,0.36690517139138307,97.9791201373972
-0.3071290156630074,-0.5988485107796004,-0.6687104672915706,-29.44692367875466
-0.8280669617705854,-0.25287813673060994,0.599607909540146,-29.865107021892335
-0.17123803455912506,1.6831176519593725,-0.39171764917783636,-11.490940198145722
-0.4488844741054771,1.118508876952933,0.16510872104228544,-12.760625770934643
-0.038592703033415034,0.8291871145622332,0.26545996007900696,8.077031867986134
0.09194328025705814,-0.71345915379654,1.003580663236432,15.262572399323338
0.7617403517732747,1.5961605422609453,0.27101575516425747,36.96274948503691
0.05241167013034525,-1.4798049974077685,0.002623051852415737,17.86334492493171
-0.32847516801482785,-1.506814118895666,-0.18390320309987526,-13.133127252718783
0.8492874815875731,0.19611011959502916,-0.21720723017951588,33.682962335465845
-0.17932258395076692,2.4447586705945077,-1.5779819782327842,-26.359917456573218
0.7753852893063247,-0.0042246342554645815,-0.20498702464313112,33.38132419356963
-0.5538921948109892,-1.2961591421757066,0.6521856981736708,-8.262952993471927
1.819128522696889,-0.26269205582667265,0.8820298725133725,100.9207212893353
-0.8342922464299054,0.42554449717451215,-0.4059301869544549,-29.43131450103933
-3.4545875412503775,-1.2507318565487637,-0.22651016966292986,-185.23728266355505
-0.5232961962599164,0.5260084200194075,0.5195605432110212,-19.68903737138436
-1.858012832232508,-0.20693760248295157,-0.4855667266474633,-115.00441481969487
-0.30507085833292136,0.04432007358139562,0.8924732621418648,15.028160328752943
0.2468602289807276,0.654981935346924,-1.0143842368147533,-7.792010747492119
-1.0044411840564822,1.2369206050805466,0.45958320023660887,-45.25582915021393
-0.3719250961411066,-0.48180933601318965,0.10206317174127476,-13.562872612140335
-0.843113330222377,-0.18784529435512168,-0.8783750412630514,-61.35741254390619
0.045705061587996955,-0.44272908406175476,-0.5588541423632664,0.7930762771391588
-0.11574136270518594,1.1801073482628075,1.27268754613689,15.996092609762055
0.8781262073973926,-0.1828611854878331,-2.3260936304293085,12.55139709077299
-0.9740086956698764,-0.17629457924525416,-0.8247982508811686,-62.494437292597524
0.5670854273381495,-0.056445265420798425,1.510990907829758,36.647594197939064
1.2933724067162466,-0.591202143272614,-0.6241497287744785,40.7733998971075
0.3879782880267105,1.2428864221954945,1.5363323918229206,34.401018799647744
0.6660815605451841,-1.0703863911973464,0.29409361266241507,31.430625122533478
0.27768089713632765,0.9619662435239706,-0.448589354295074,-3.758066636438228
1.689718235353991,-2.090236193934121,-1.4461925365583035,38.71263558758521
0.6558328837169121,-0.4198051078056684,0.8467973429564932,39.5642514002574
0.5891549447278678,-0.10865732177556832,0.7130002797059448,24.455917297469846
1.0436697559410997,-1.0325152214533313,0.32871339787773224,51.30641964268918
1.2596316158005154,-1.6300883736420155,0.08378804533980751,59.594652354906664
-0.6562764140250505,0.02346944330283386,-0.2879414188081967,-41.359024115712785
1.7270377204899574,-0.004151889053837461,-0.004927339311431352,81.38693140023084
0.40929220445553866,-0.058996113570447234,-1.5110845521105738,19.516270008938296
-0.44414615718632416,-0.9628755523512325,-1.20606355293096,-44.09960140646171
0.028382449354599985,-0.2571153279373773,0.7687753217730455,13.47655362833234
-0.8311494166894076,0.19127729189589454,1.0181313528421052,-38.68365402367285
0.39098997604022956,-0.4063740958504231,-0.9510836239828331,17.923735510858954
0.2116705461190715,1.085073625355585,-0.4282629498353814,8.486736853556732
0.6592042607637931,-0.5724516513753302,-1.2176573550129364,7.578754985838974
0.11791448717905022,0.8214693557529441,-0.393966891979853,-2.377652651942045
-0.28127310645303183,-1.7493952913897481,-1.9947729087825017,-48.669562843393585
-0.008937501481425995,0.7771668533740672,-0.9435433051474954,-2.4836312063031674
-0.4424394447953365,-0.01222727788639037,2.819762050272448,25.978171604748383
-0.47289798272819605,-1.8921427601535286,-0.014867106292513631,-37.131479722789905
-0.370757155819337,2.2224474445362414,1.2042980979922866,28.922801321005778
0.4448758653789936,0.10543377245947755,-1.2445734696415534,21.327698947614145
-1.609062865990101,0.06464349818732995,-1.8860245363491974,-120.74637222935536
0.6104365780346527,0.09957483750924627,0.5047418871597135,45.557534271071944
0.4634392121719872,-0.7960024048014339,-1.2199400707300787,21.249241918908208
-0.15795629788014456,-0.7311520494191398,0.7544702672825065,-0.13194372453607084
1.1627901600896882,0.5348207524641748,1.1359499709291536,65.97854410236562
1.4517072701097322,0.8276239088129935,-0.31207221738434365,59.55542638608158
1.8063511796963516,-0.28387102998228025,1.4348648493306941,95.85998301641573
-0.2623370865827388,0.24891322609035524,-1.489062564246213,-27.908736180189663
-0.8437724039126351,-0.19664927956401274,0.27939184272112594,-20.848450970176124
-1.3795152779909654,-1.8492727699367089,-0.9407436132756495,-65.08017594866861
-1.132595295990215,-0.777957066159647,0.6898461901662573,-40.93376155707551
0.5181829224415794,0.4283170461440641,1.5612494095555016,42.33198521311115
0.5139588288392793,1.3100119135673138,0.5054171108010895,33.8099396008361
2.3484374423542844,1.2376062087238875,-0.5667732144774908,109.71748995543203
-2.231125015345055,-0.19933334582098808,-0.7603793885482841,-133.33688275305926
0.04341920970396073,1.082475983623783,-1.3560484000029438,-2.402471462815946
0.26200787440300277,0.6662978323004222,-0.9133320872945863,-2.653196743910611
-0.5559876600319071,0.09876895845153016,-1.2684979935462715,-57.04018504602472
-0.4594547805375665,0.4057518642700198,-0.45570885748814877,-29.046577063448474
-0.014152058556978408,1.138814297889156,0.8636500695625957,-4.90455662755404
-1.066025098895681,0.43041888707996917,-1.1798119373258502,-64.88682268741367
0.6794527858751728,0.010011661585098607,1.088825247752006,50.82076591342856
-0.15296607070200552,-1.3175102390595088,-0.4437793612459114,-31.518857975327116
-1.2613416561023554,1.3150144398159265,1.3488034810612841,-47.391515587977494
-0.08097715519711772,1.31430008226434,1.0660725583052182,21.541757799188737
0.5993957582518085,0.0987624824184622,0.6952506029586852,29.747225280163924
-0.8520713737794763,1.1322904318550344,0.5464752296623402,-30.72787300606821
-0.9459284800226094,0.9349368556947633,-1.4528366881008443,-60.417881179055335
0.6174864096180172,0.3750688420686545,1.3269882942697473,56.83876587438449
-0.323746596413675,0.3968626989178279,-1.432239099584689,-38.1998608745614
0.3563172376807239,1.1524634073549376,1.153383412476654,36.96350447293484
0.9522180589861305,0.1361324480502202,0.8693138862301983,50.209263097696066
-1.2950515221721486,0.8326351806847284,0.32967607723291414,-65.74405181172898
-1.1522271219294524,-1.248480777239617,-1.5599110637249038,-97.1159983501743
-1.19302330895632,1.9490491177622868,-0.07791983763440813,-53.37543063792986
-0.16042015388108524,-0.7449943220660991,0.2996775466952056,-9.696490400494127
0.16659304431549957,1.6643272478083568,0.5622242975799241,21.616442092769695
-0.3427650735398668,0.35410832786457963,-0.7542450209191007,-5.349360732535732
-0.4015498119866129,-0.5121111292571607,1.0797849658557985,-8.769142560008143
-0.46290033622866544,0.6680200743146397,0.08649941702011389,-4.2438167178768005
-0.22957910179765134,-0.17710771230180694,-0.007231113381563942,-3.2910389120187933
0.24363519816969134,1.2007331272147936,-0.2994758502481488,8.93750910953152
0.6067176312108883,-1.7870163809375954,-0.6345898436742442,20.235879469335774
0.3965533541476764,1.9132449047391469,-0.18816818718411582,32.69364161317914
-0.14748849943240638,-0.052365429497484746,-0.05568367750494324,-2.566109456574325
1.043598304178693,1.7710163112446728,1.7566877211202017,75.08456615304314
-0.4725570320908461,-1.2001151766524238,0.3335142351268771,-26.03142823889879
-2.361270300288054,-0.06390086089581791,0.981774682957415,-92.9841864022197
-0.5734250969452968,1.5173071395545636,-1.4014777953145456,-51.282551437763225
0.03654111932213488,0.40862621192986387,-0.5406578095880215,-3.001501935900932
-0.056031839340895846,0.783333179254102,-0.4076321288427048,-3.700127349432103
1.3443982422306167,-0.37500459055144547,-0.4172232525696788,51.110751336663306
-0.4191887944402244,-0.9023091199380763,-2.708920308530489,-60.24743687190789
0.34198546755918124,-1.1853945157049024,0.6461611433589134,40.26486842453738
0.4326481371481676,-0.005168319884817319,-0.3340281778389479,10.99979893315133
-0.5127702970735585,-0.17478993099876755,0.1895651306537234,-34.267333527893996
-0.9468405506364418,1.1347831975637253,0.9155837381908871,-27.865642063732658
0.4575562786095691,1.4230557142605664,1.0938924213505121,50.392250532313014
0.5322144158052348,-1.782299645918157,-1.273472858392152,3.192688254655242
0.09051488614434172,0.9028338915604355,0.7010497098234603,4.72986183254409
-0.01940504712587588,-0.9736920166461893,0.7958275295034208,-9.20840508706602
0.584021104738258,1.783491211381279,-0.09732655149045324,28.350150713762293
1.946440187517938,1.5129017798371964,-0.07919291510571194,94.61109795750491
0.21677155098210882,0.06300964332743267,-0.06654435986200832,13.113160003304486
0.6598743873567183,0.026898536792150752,0.5896826121606503,50.357475744059556
-0.08775407283772309,0.1915252403293768,-0.6399656317994614,-7.540755048228549
0.47594497638939415,1.665761919411609,-0.38059533732934364,23.086769688676874
0.635772495146889,0.37986121837869335,0.015476015459341038,8.677900910155945
0.9319312211552638,1.359781384584474,0.019877885073446924,47.05709983669371
-0.8288979332167032,-1.31831180759327,-0.4676056578925201,-60.96609738623025
-2.0364833325408296,0.2526681904355768,-1.1730041348557185,-116.54510320112932
-0.04582290053440447,0.7876837802180848,1.2649556917581801,20.344342141880745
0.46589602142099473,1.0610467035039095,1.3484246001445073,22.7331556598
-0.8794595508121313,-0.24410562322784699,-1.177282102958794,-61.480009035920766
0.7059306403233669,-0.2931655767587771,0.040146539869520693,25.152512701805506
-0.5299558965429935,1.2697957440552285,-1.17773238373635,-50.35916701713066
0.8371916518474171,-1.2482672758691107,-0.8807834359864065,36.11721235885588
0.9479004021025494,-1.3938847838329556,-0.5833951666216741,32.45981869128163
0.6028129659278364,0.6060235558717605,2.6069716969772734,42.416921227035914
0.17323433258121954,-0.658705587305035,0.9628431051754585,25.327734234716868
-1.0521806613547537,-0.20948067621893982,0.15890308363156375,-57.59824253874619
0.5804777247990853,0.479900868034379,0.9554656945329748,40.05932810710334
-0.5982429511751324,-1.0929942627107816,-0.62933550990856,-31.508736436000298
-0.29680917938615836,-1.0964570708835861,-0.42693886592516844,-25.225348912090134
-0.8410370570621478,0.3092737071542578,-0.7047006510994771,-58.25597000779087
0.0347196305983187,1.8334764145018723,0.44405760648141496,10.262764718886736
-2.1213989954419774,0.733374409778524,0.3661155513637796,-99.4387228826337
-0.5894756093188623,-1.1713493472528207,-0.42864887386304124,-42.848436935044504
-0.8591125746203476,-0.9104095609549723,-1.5514812742622976,-86.81457984412671
-0.2182984443534876,-0.2802881407959069,-0.5409728416642938,-29.65385428270738
0.46365038778979484,-0.34696563986830814,-0.06680940991200505,18.19433063650244
1.5413342728285888,1.1298159574188567,-1.0901286973526072,76.902127174479
-0.1534864967534924,-1.3744431221236406,-0.7626943888340442,-13.791047607994361
-0.752542520448959,2.0873231394457963,-1.0656828645990524,-60.14234425090575
1.7493548127952132,0.5181753495963003,-1.5593685355674791,78.32078646179154
0.04163764757534538,-1.516593471416939,-1.3589329912142394,-12.118692908555243
0.37555341814831156,-2.2438419647307586,0.11052462044685943,-0.5307142405317755
0.42008556200013253,-0.33161997592850034,1.7547847251669968,49.86440810834323
0.19044605559252847,-2.8063448262799704,1.9926820049216998,43.36311456561911
-1.7950783080104387,0.5436263164695648,-0.6262574271232473,-100.3666726034345
0.11156179366801267,-0.23321582408082223,-1.6430423137616925,-19.13628272198632
1.0445987697476313,-0.9799760593456598,0.676421239262432,55.045033141474136
-0.2831333515278397,0.024777571986245174,-1.204389784749461,-28.305986430214546
-0.14197372616799986,0.486733285647217,0.2815248739778776,4.281430810266793
0.10008716113716272,-0.08090403716352346,-0.599689935933373,-15.437639370700355
-0.6515239377706722,0.462909341929386,-1.1241119713179983,-57.505546092996745
0.2618678742578023,1.1289381465446888,-0.11961236776684508,2.9127563367291867
0.8779619889406894,0.44384407596052866,-0.475623550662993,27.817695511131827
0.9179189503399092,-1.245019380444086,-1.0131822344952117,37.711953587492566
0.9083826553097369,0.6947481670692885,-0.7430868900937099,35.02557151144548
0.7321241918165425,0.22437303892837243,0.7653548399595739,37.27056721054105
2.825287794915755,0.029940221799120148,0.9913143792221134,152.60949477060538
0.3029983729024611,-1.1073298484989602,-0.38445761145070007,8.05991121414343
0.8293950696018468,-1.134312380009544,1.0610393705842285,63.67217333355223
0.5013275777272448,-0.5538616187775416,0.7125831171403801,26.84536170669437
0.6209124565527866,-2.013945877768079,-0.22188789992636468,35.849084658550964
-0.04910125478777518,-0.20080444150500398,0.8584347285672503,-14.798540961245632
2.287638794530945,0.06605183860861853,-1.1879993801070963,93.60871589818379
-2.0686754785654324,-0.42873115087466335,-1.7351245990253232,-135.6077724395516
-0.7473031941169404,-2.2113145790208626,0.19985607104453768,-22.902723479151085
-0.8254439853797526,0.7568090727541759,0.4392622934472408,-40.92866055660087
1.1856240261360314,-0.49852622275772207,-0.5549190230637875,44.225558804519146
-0.03842247512696488,-0.965279057836955,-1.564470525384438,-28.432685043647364
-0.03657793538428353,1.348929394235815,-0.8124731286530427,-23.3258612992243
0.29534898010730865,0.49388575433301757,2.1100076041314164,35.00347977433256
-0.9179211852432858,0.2707191060698431,1.671829792472959,-27.054348534521036
-0.18031016998014796,-0.9006769578980992,-0.23071488675808594,-2.6983492494155854
-0.865730001845066,2.0173571120778075,1.838929512604048,-16.019062110358732
-0.33441696865181936,-0.15132872263786615,0.9558053023696209,-9.687427682766344
-1.546499995321113,-2.5157347053408996,-1.3944604703766024,-99.89576695174851
0.33099862969273014,-0.9921795991474175,0.8674001645715297,17.180771177468024
-0.22352237018080345,0.3330349585919659,-0.9949707132971224,-16.69673559897697
0.44682867633024925,-0.5385509254423924,-0.21499034041509216,19.749958274349098
-1.1101431424634236,0.7101663224708368,1.0337449199663777,-36.869878113396574
0.04170027002435888,1.3439760286162192,-0.059110928859466345,0.5047314025878407
0.012617286560406475,1.689125672844358,-0.09848351805533634,-1.5034181758990686
0.9974476464259401,-0.6830028604796594,1.265113780091111,93.65054140100371
0.7510780067340292,-1.314350485591978,-0.5675658150220676,25.689345272767383
1.317592010348772,-1.5287718115499107,-0.594611635506973,34.166606359881484
0.6372132535438424,0.6454680024777035,-0.992265205240835,19.181292206406773
0.7294041292159514,-0.8195469301204045,0.7252048453807678,48.08910740783144
0.5420247100543342,-1.4864627817270069,-0.2374423039092132,38.76507675680081
0.40303230491105146,-0.30369304976631883,0.1924260872467575,28.591345806864865
-0.1290794328969479,-0.20801741678959051,2.071428125928687,38.97162775296054
0.51067651825101,0.8741143456980381,1.8565250173655024,59.55973833708336
1.9203978562650874,0.5941997180643404,0.7838797192190754,96.218568235441
0.21002355647661045,-0.7704694413354966,0.19947016164937126,16.30295536982778
-0.8961450392730788,-0.5770270628923228,-0.07052430352650257,-54.37658051280121
-1.549679796261707,-1.20110492740062,-1.6611118316548399,-90.7205258403404
-0.8841634268217119,0.6085810225785921,2.29501645762151,-7.975641511680996
-1.156191625650029,0.40254999867700986,0.8402456156624236,-36.542868042406006
0.41604302648069413,-1.8063416802187138,-0.325864184396539,20.58502678190544
0.36001746841066756,-0.7213186955098837,-0.3614741153006096,8.497807551355043
0.6524791630447451,0.18864457821006267,-0.28075089414284454,17.941359317613774
1.0574954893212585,-1.18633541356291,0.6265476910550946,56.52624245684371
-0.9186072909372127,-0.19335392408796137,-0.7850179647946495,-61.51267202913022
0.5510052869018573,-0.8089518397067869,1.043173114279842,36.585897576103164
-0.4122050174784854,1.6686549827855002,0.8669057439563449,-10.479211444710003
0.7555657806050238,-1.0145473148147306,2.8630490003562787,70.01843015069095
0.05618387445201311,-1.6027610909624797,2.4549761543766295,33.16825072983503
0.9319659085650065,0.6070182806159907,0.19808062378423963,51.891587433779655
-0.13482764104398778,-1.343297631799333,0.314709086411143,-20.818254322248812
1.0082029045769314,-0.12040837671525577,0.27559431986681276,38.8373768732838
1.7020189539744603,0.15219445353719402,-0.8643820361985065,58.69894363794227
-1.093803364539774,0.5448671600213126,-0.4886487010019382,-59.95658508246941
0.866146062412658,-0.9408828421640311,-1.0784131988825185,22.008170237557117
0.21132737120911127,-0.023766657730112075,1.3276201949770978,32.01893514257777
-1.2026703412566953,0.5388329784892518,-0.009696485984808033,-48.52447091930584
-0.3855668391627083,0.192711508820367,-0.5511398890362287,-8.014287105494077
-0.5896602557935503,-0.1298756040301875,0.4543587584843249,-5.072464491004169
-0.03966743821574425,0.5202070744424737,-0.8169975851946889,-13.65770250744377
0.6007476658827544,-1.5834208301702832,-0.45083622844218485,33.7513800132384
-0.6189238916095716,0.1808881016380821,-0.9681274392325058,-49.71653274708197
0.1444729165908888,0.0757217427391812,0.529045430654929,2.5208303152202536
0.06498351908169202,0.04817848353385203,-3.010948098653387,-41.688143030234706
-1.6974062710623978,0.6896763447625082,-0.2732099098879266,-91.62709750569353
1.382616204282565,-1.752488056781066,0.7364651265861007,79.81594900236654
1.5677869950224919,-0.4559412946482345,1.3654061437661202,95.87641364042919
0.2008561620309916,-0.61255315437073,-1.9353181841537017,-30.30081603808555
-0.4144634112631172,0.34294779227708183,0.9604941817266313,-18.217612527024585
0.2529856831656939,0.3292617195771926,0.7989546985825889,25.01208721789411
0.3726880673821544,-0.5065618777934046,-1.438890552864858,3.5826195006162953
-0.23560940478605394,-0.023286479217902476,0.5912723859346114,-6.645755784093363
0.6702173205506091,1.2905461887149978,1.5206374843247015,64.96569341522266
-0.721620195580716,0.9548237996645293,-0.10169831819408413,-36.893494275374415
0.4250655429297766,-0.3194804220809239,-2.0799161607241787,-11.834884108864228
-1.622827174067823,-1.3643575388088345,-0.3742151707062688,-87.62509059722558
0.10985981525047937,0.8361747103934404,1.1512257377267077,1.9912131085964937
-1.3854351911807223,-1.087487043789313,-0.874740759658943,-89.73897210882014
0.8682190882952676,0.3970235134589719,-0.7801268510580208,41.83770436925211
0.8775328298442276,0.018198356208714808,0.6068116077610104,48.85450098341687
-1.4383460278561375,-0.09886137206180447,-0.688759358175893,-75.21401860733496
1.7427428595915897,0.09910366439005892,0.347140117001418,104.01407900191859
0.056830219981769826,0.4272361631094564,2.0039101615679393,55.539321261234576
-0.41686541390982834,0.49274888572659403,0.12798144215871968,-6.820040555504546
-2.707878153215143,-0.7506393066919773,1.3112745663517,-89.11060109232929
-0.29913357673653496,0.6233686089189159,-1.0158504347428023,-46.71837994344651
1.9979302119238573,1.141165314513075,1.855224931925657,118.77368683015682
-1.9759680136061362,1.4775612057148224,-0.9963919434708278,-92.91928416148366
0.5752933366023262,-1.2742751886629555,0.060878136398737674,31.97274183463184
-0.1356593906893882,-0.6519962727356706,-1.6364056894289922,-33.5008450088138
2.1416747072106013,-0.16721741594593048,0.8882538741767421,113.76256276391331
0.5990441689447038,0.6477700959091289,1.6960251192926084,30.364266826746114
1.1500288266913397,1.6455648861687504,-0.7476211632221764,47.117223352897085
0.38010524808258966,0.37913075157004605,-0.16727574285463478,-8.796459023996478
-0.13546374063219657,1.3666721152994346,1.2072328776551875,18.08172468651053
-0.3557092801321243,-0.5447909303854084,-0.48557933626534117,-33.286931296934675
-0.3136833596829501,0.32977072298994176,1.5721088644614296,4.7733653013911646
0.8191574315920084,-1.3492067518405118,-0.11856322632683293,41.44954167976245
-1.514698323240235,-0.20827227270404547,-0.8481306297095412,-88.11586301311625
-1.2168362353854336,-0.20208601426752235,1.1003272409145402,-16.808030382238865
1.0108656667791533,1.2605359973462313,-1.0810011732580906,45.05953381912899
1.0515943881527214,-0.014590369473371397,0.2600629937136962,39.29676586039834
0.033564647554731104,-0.03139352847272302,-0.43865765756379244,9.766580002838026
1.402063497045784,-0.5389105749549895,-0.9753100909076217,62.1058972187206
1.149270790629433,0.6445664110072319,-0.8579092277293873,31.984274625280868
0.4921641629445379,-1.4929884893921048,0.24712663002301735,14.383588256614248
0.5444016082108877,0.1610547399793032,-0.0403304103781839,41.38113386765585
1.5974791853282724,-0.32857570237864064,0.10892786498900427,77.76957711438803
0.6701519303013024,-0.8793564766545844,0.08014428318583994,43.02428896800025
-0.9821289217887105,0.03152646567257874,-0.5818549254151969,-75.24095073398767
-0.18471646673573736,0.1050412492810659,0.20265708989699954,-3.27573461014408
-1.7718487678617683,0.6509442655040222,0.24388094437967606,-85.58516315671154
-0.5796654462636875,0.9515447637385335,-0.27578006037958536,-32.91148663874895
-0.008170343369503641,0.47650355041236797,-0.6379722852417482,-10.599526838339479
-0.5851656742228184,-1.4674770497775291,0.1104861059642061,-36.67200534684095
-0.060082362822571206,0.1447690848543475,-0.4544472007601005,6.224790709716919
-0.8270563372582632,-1.2167193633506534,1.4782250947107027,-17.068740559746296
0.9560431708934063,-1.0965170255628842,-0.3294341728285611,48.853081534733874
1.3705018932421509,-0.8045316104239931,0.822795836275099,79.32853986594664
-0.30692666958341497,0.943614556164155,-0.23578591188234294,-12.656954858185221
-0.6231585535954277,0.41228332479039215,-0.8539093493740212,-33.38790000325567
-1.5228327230450907,-0.218580031183413,-1.0563419024753817,-91.60714808450957
0.507744071088786,-1.9677499746658507,-0.5198198776217767,5.284125566334794
0.3331478956225974,0.7578679456395079,-0.03982330420293003,29.888170607085197
-1.076921996977827,-0.006179424037326889,0.5043199279308729,-36.026819152822156
-0.43952023372842375,0.8473171652033902,-0.7413634020396906,-36.25757272969796
0.29738426249848077,0.5351578586564703,0.8259842962496167,13.55035564441085
0.39928947995995007,0.0018846104291365005,-0.6543858151774022,17.675352174002455
-0.33212897225176097,0.704181046804826,-0.2230314759556014,-21.409603005842776
0.13772008009580466,-0.12818004633505123,0.17170375759544695,2.110206572913059
0.7840387167992614,-0.03031173599735407,2.4133733737478322,55.044131881101706
1.4661100281626591,1.3345576213658426,-0.7287115062930428,49.24820702394564
0.8090727063415496,0.21868372753940804,-0.36520884011049193,28.620167118469624
0.2257293757720891,0.3262176981962393,1.7140754848422328,48.44126879918578
-0.33460856598102673,0.592595276802772,1.8184771917935383,8.37842066577005
1.8838209534686465,-0.07687310286859296,-1.0258783146556694,69.87503217109115
-0.6239532896538865,0.21798588848416084,0.4261180016746539,-26.279920729514966
-1.62817691445834,-0.8163025123922512,-0.19508538619075425,-83.33698938069905
0.46110715821494674,0.613535971652213,-0.1577808762747403,18.38877605182611
1.2555851846227313,-0.9874294523769913,0.2089977517051348,54.035440243474504
0.19547307113026774,1.6801052147760371,0.259344626397286,10.627793490978068
-0.9067478334721489,0.19979338812290728,-0.8182144969743189,-66.42696093355829
0.05942134595711955,-0.0096715928439185,-1.1519387924383557,-8.958589685045773
-0.680906946931089,0.40971634587558603,-1.3557704876766112,-66.19938551187008
-1.8543173733085856,0.04798335241075275,0.40813433300522295,-83.54176212160026
0.280687130663158,-0.20859201420256426,-0.8627775166391621,16.7081557495339
0.13071558996083876,-3.111120989593741,-1.4247807965962251,-20.307667804068142
0.037460089346239143,-1.1159977697303372,-1.8292785076093048,-20.80809750165275
-2.4391246844080063,0.3559607761825869,0.0855672221925282,-113.2254571273766
1.414539123178067,1.0145661656259772,0.032753410546505234,55.184938847768805
-0.1368632965293007,-0.6903190209313155,-0.7502516180079877,-7.026048288470241
1.9868472393759589,-0.5629023583951489,0.222499281939508,97.52080182267552
-0.341793029396539,0.916120098516333,-0.4759674499525252,-21.282849051587082
-0.2813155542064351,1.4551221572532071,0.3649779998921494,-10.003583598780859
1.2722529380299317,-1.1193318067788207,1.0114227170759775,67.77445728412147
-0.29189174326909645,0.3654949285415401,0.15663078390414056,-9.721718054044745
0.6132739308589774,1.3200771092221426,-0.5746939791668588,20.6206861742493
-1.1810052968988112,2.1641915011378603,-1.6203458424685593,-86.52071057530952
1.0935351076404631,-0.789783867865312,-1.9572152612518585,20.56049941176835
-0.4823920459722534,-1.1715574563107685,-1.0375900477848585,-31.487001812208845
1.2249668746039717,0.5897318733851147,0.8912920611556687,65.52350462167134
0.41893359073798353,0.7232610856008928,-0.45854760606708317,0.20207369559377852
-1.8218791650403137,0.16349595592744648,-0.2558942571799311,-115.38032186848514
0.16275243178340673,-0.5505846869915448,-1.304946247659466,-14.712279897889049
-0.0644332406138742,0.36958255951899166,-0.8005040084445464,-28.92164744952543
1.3785399622879209,0.9831771049119239,1.8557126395459569,90.99910893958855
-1.2708253855902907,1.644354368139989,-1.2489973758962993,-73.43625521181531
-0.5607127254870535,-1.2186615310385456,-1.2348576311983506,-44.85328259057665
-2.6090925809338783,0.7431871769959628,1.1113751179439089,-101.68072463341879
-0.7071294714792883,-0.8775149588936101,0.8565507502495536,-20.865904957743485
0.21689376992075426,1.1622817470901976,-0.035508395203869364,18.49997146211951
-0.16892382319663513,0.894103771145707,0.3387101608151943,12.714347369137077
-0.08759138987174166,1.5477367740607144,-1.2512776427541894,-24.120513674281437
0.7896396571035326,-0.7884069980803271,-0.4757577068348205,22.23548573573921
-0.5092131059729216,0.689531533785482,0.4827307128925671,-4.365310595557611
1.2787981716949068,0.439981843594931,0.28080492218931785,65.15389835350697
1.8631545248254067,-0.2137793313081982,1.0939063092232133,112.57075782102827
1.336407099899908,1.7394632415765947,2.4454016878795075,100.89219091145935
-0.7495902184992128,-1.2170977009827755,-0.19434558198665086,-41.72166548809382
0.12621835150252864,2.0819241205179964,-0.4386935519994405,7.180652431368775
-1.5986023453574467,0.202393643002708,-0.035156044300785,-68.90949843450512
-0.7930780368681248,0.06047568946900326,1.75902821212546,-5.737362468659807
0.2726199421174803,1.3718878499489473,-0.18389408999067156,8.898279940028031
1.4051768520805723,-0.31211561387796016,1.0687447734500475,69.10586565894128
-0.11207846927289768,-0.14581581535945878,0.4512340471031341,-5.500405093409921
-1.3193103689265595,-0.7059614837369788,0.4904192843662775,-80.00155493299161
-0.20165677691409808,-0.16771489359224429,2.1167875401133958,13.649736924693919
-2.778722750084354,1.044499674239357,1.5267203820370885,-114.1274594461833
0.08626602022717576,1.0877674145701277,0.8467606543886294,34.0889954467288
-0.4723943820412972,-0.2812342407221678,-0.7427922546961618,-22.844609427700302
0.6320910945080264,0.4010246098481391,0.9567826299782567,34.16630039058397
0.48625834893079106,0.27102142387403383,-0.7546913205769155,5.386556019850762
-0.7861161590061435,0.4841755873511886,1.3127913332847632,-21.20724936571422
0.2995983154900737,-0.904326348444501,1.7980437285938045,39.81658387747582
-0.017271192178839243,0.4440786764850412,-0.4735735080087268,-14.889073840058167
0.1585793607299542,-1.266282647277172,0.324503073801206,23.138468872965582
-1.3494158901427507,-0.821951244036961,1.057651518410383,-56.330263618322455
2.4780287857628593,-0.6095824748888237,-1.414589849782102,84.01629271263684
-2.2965079756986424,0.13938724694675608,-1.0838643994231643,-127.22760782507028
-0.29986183888647094,-1.2433863219275416,-0.05991292647012403,-17.33782015898186
0.8048479527137451,0.5381637402558563,0.12898617146259972,48.285543946976944
-0.8597713931492961,-2.0691479286637247,-0.2673468719807767,-51.931838814126294
0.9809366238711786,-0.10609258694758981,-1.1198347772685624,39.70112021647659
-0.2932033597442283,-1.220195961688387,0.6180592999158669,-10.478813105014748
-0.5650246786900254,-0.053118547731495255,-0.07714998713847632,-34.298443957415465
-1.3885074709674283,0.014201460311875577,0.5655826945874871,-44.03142296288314
-1.2686399965300639,1.6790007677263583,-1.4735970636613336,-73.82574101726493
-0.2892395612805374,-0.567609573092379,2.211154269254306,27.87328440374766
-0.6885525730770145,-0.8174016553409346,-1.170555210289912,-42.603541407147915
-0.7264226051742981,1.691141032389101,-0.6965520113674177,-44.03136137254538
0.5471577839021795,0.10483885307376477,0.5039494227307812,33.132256676417555
-1.5741431389648337,1.3275721159229106,1.2009587299444167,-53.7565168301835
-1.3056349386319799,1.6022064703003969,-0.7928343455001883,-83.70045534922531
-0.8307869025933207,-2.28663835209389,1.2771533385930316,-38.27539326433718
-0.7239943999267983,1.3626721838238418,-2.5227022746933736,-76.06743625364913
2.55059161464204,0.5363604990042153,0.7823953865171978,141.01326335707793
0.02586228885635926,0.3384073048376329,-0.006759486850045114,-11.229577563317426
-1.2002740826951148,-0.10868127621939208,0.900024155712933,-29.117567707297805
1.35720589678974,1.6031148711383327,0.5390214243362105,63.98238379424248
-0.04476109156646528,0.12470621992180644,0.2045475981282215,-11.55742504637493
0.34120486120159477,-2.018652741805714,0.8622017518082755,15.39608752989516
-0.13380527376919166,0.46618427765940557,0.04451930947810929,7.283813053481373
-0.10287874566017853,0.7142154821080818,-0.20136656383474164,-22.371057956407995
-0.2344600619850955,2.0012006828829123,-1.4300503410024181,-25.370846860261462
-0.238560062273598,0.103250162762818,0.17154422739939945,-13.754907617477206
-1.1279799921481577,-0.8004568645930307,-0.14913611505454608,-60.87971462749222
-0.29223180811825744,-0.15399513919952326,-0.06219148019539734,-3.7012917818006024
-0.31272128154658874,-1.7860999069102457,1.2829807045538706,16.713418390175207
-0.5552686428417224,1.0050748026053253,-1.3436164027019812,-26.362114216901933
-1.3864435858844493,-0.2828520979257157,-0.5849612324239479,-67.39637985861654
-0.19985842676422372,-0.32273731492428404,-0.6110217384787494,-19.99687500374171
0.35400394724190803,1.2436608675998366,0.1528827827722739,12.084814595873553
-0.3114073870657738,-0.4519165968600449,0.3916431706400745,-4.926276430397325
0.2759783323223578,0.11708181252217247,0.9914192563042804,17.64686306992742
0.8533006848916795,-0.5883946637931545,0.7538002416122345,54.04598223665279
0.015115358442275423,-1.088247109075634,0.07050514110962557,8.747704198863303
0.44025650092643226,1.9181075746399134,-0.9908898526687906,9.338580438569455
0.10999871033756113,0.1979496599360876,-0.42265697016938186,-0.8113840070866492
0.01574485899817758,-0.03944486316874053,-0.3566943323260397,-11.986663580477579
1.6229621554528415,-1.0630675604682798,-1.4171672399165534,54.92614290957619
1.7164650535447048,0.0933165605590579,-1.3516297194306628,60.61197289854584
0.10707855005281439,0.1667060518547205,0.2800152279506773,13.04112021220372
-1.5803273731313834,0.08075543880336972,-1.499369453257873,-104.04639952827675
1.037609896679033,-0.6315572785619371,-0.48935919678872325,36.02670474219359
-0.03449501976082031,0.12831636020707826,0.06013580689091429,-5.103017077304865
-0.10844136957866041,0.3740093070397801,-2.0480987177131236,-23.80321019439789
-0.4490734572270156,-0.6410460836964329,-0.5732479055955529,-31.698219211781808
-1.2462104969177241,-1.1150562279992196,-0.6751244900737262,-68.54255658028279
-1.118951828340978,-1.9476111509145808,-0.21828827389582947,-49.10321514105125
0.3366298760274632,-0.276617249894207,-0.14691928414934294,4.693152009313128
1.4245351187504267,-0.695961603940792,-0.6206085142751998,62.43583269989781
2.228303669131074,0.8166777594235735,-0.8816751035414271,107.27280725890995
-0.26274942876722757,0.12539725538254692,0.24422464779919859,-21.373762526760665
1.4475221320922245,-0.7260252435102242,-0.2726821457116648,43.71074314666566
1.865994547010451,0.10659128257958193,0.3271035381752462,86.90751474563609
-0.4957223617380491,1.3216863833215398,-0.5985246869634395,-38.48067579017389
0.8184046567188177,2.356108487977651,-0.4452267003648807,22.432257723852036
-0.833734506163856,-0.8676989979719992,-0.6008408255630397,-40.59863111171123
-0.1494935854233956,-1.2605937815407129,1.2259908225035048,20.887878051731366
0.04966664643688368,1.328395755916199,-1.5167334782439867,-7.27221887903524
0.4040759096891789,0.6684082983843664,0.9857001361263176,16.751316327295864
0.008397331680871081,0.09907033263630668,-0.2177319647087697,11.244891352312736
0.8694317087055459,-0.2401549692759577,0.5080906175139077,49.96337937352376
1.7009695131513265,-0.7090860527937665,-1.1563901640385232,79.6467946569498
-0.3627675704568972,-0.10860577398632562,1.7088278486063244,-3.5823868385420177
-0.5567804293997318,0.8431458108650638,0.44417142513009156,-20.957427072885885
0.8734588367707126,-0.21766759349770678,1.642723879991311,60.794122218598076
-0.2563440686961646,-0.11488017769290147,0.2240727034278697,17.87845672512684
-1.024587204462901,0.054521685898704174,0.24533061196610653,-45.60243435841831
1.6242703621456864,0.3228941773010577,0.04061518124300735,68.10145117424095
-1.8634412861327796,0.02710941021042819,-1.0732628023947932,-98.78398393132669
-0.5477168041789234,0.3572481986685815,0.016219091348525762,-16.314098165586863
0.07219975422200214,-0.3587374898940465,-1.3867404906493006,-8.40205798493405
-0.28036969626619135,-0.08189146992308546,-0.7987060782267739,-4.23931106797194
0.05918969153198782,-0.7967097285219087,0.37030915176971463,-6.343968832171967
-0.5670692614333757,-0.25963524206577254,0.9626084558195693,-25.91246363427336
1.540507849151902,-0.17338521177503446,-0.7920725336044876,52.65322288921715
-0.036596240598101876,-0.38056641445439127,-0.04254651702447798,11.110996549739706
0.5294574904551361,1.8494295036582324,0.6975175808245393,46.04884480502953
-1.0739836239849527,-0.13584539801182555,-0.1538741820109028,-49.732253992295504
1.5464451038547165,-0.09884663608164383,1.4831132213768219,98.61820033417612
-0.4308270049980019,0.3310296584166726,-0.872585320063161,-38.68050104045029
1.7317747560141266,0.9422131597130945,-0.18896135135880957,76.7458809665966
0.6994349617032057,0.3269556994447875,-0.6800557795392499,28.977692415467562
-0.31205796891483156,-2.581877984698787,-0.03461285703355833,-3.8139724125801724
-0.7807909935833032,1.305206764923729,0.06131618305885365,-37.163412246584734
0.33590439258183197,0.6093050925422767,0.8766497052162258,35.860300778151554
0.46177408898009975,-0.9384411828971673,-1.3748239769479798,17.705268256092037
-1.0295487423181968,-2.404750213593914,-0.9518198871074192,-50.613928998174735
-2.2927120724624737,-1.154986977893795,0.30707395130993453,-118.69890359587059
-0.6070078642012998,2.631766108413961,0.387508729286848,-26.64212314314555
-0.5322106768095872,0.05934335666760486,0.05130612011683168,-31.217231221690696
1.6408971082224715,-0.49619263982478823,0.5222852018223534,77.91546508008518
-0.3033459326727479,-0.8230979168028154,1.2444839659546683,7.740227457465159
